address,lat,lon
"512 E OAK ST, Pocatello, ID 83201",42.8770152,-112.4456045
"239 WAYNE AVE, Pocatello, ID 83201",42.8794787,-112.4454238
"259 WAYNE AVE, Pocatello, ID 83201",42.8798011,-112.4454205
"635 JEFFERSON AVE, Pocatello, ID 83201",42.8866261,-112.4417035
"695 RANDOLPH AVE, Pocatello, ID 83201",42.8875857,-112.4429083
"408 E OAK ST, Pocatello, ID 83201",42.8770291,-112.4476222
"105 JEFFERSON AVE, Pocatello, ID 83201",42.8771092,-112.4417667
"760 YELLOWSTONE AVE, Pocatello, ID 83201",42.8889167,-112.451551
"200 E PINE ST, Pocatello, ID 83201",42.8841427,-112.4447291
"670 PARK AVE, Pocatello, ID 83201",42.8873336,-112.443922
"815 E WALNUT ST, Pocatello, ID 83201",42.8822783,-112.4425443
"230 PARK AVE, Pocatello, ID 83201",42.8793432,-112.443969
"711 JEFFERSON AVE, Pocatello, ID 83201",42.8880204,-112.4417016
"140 WASHINGTON AVE, Pocatello, ID 83201",42.8776976,-112.4464503
"613 RANDOLPH AVE, Pocatello, ID 83201",42.8862879,-112.442915
"177 PARK AVE, Pocatello, ID 83201",42.8782625,-112.4442036
"888 E PINE ST, Pocatello, ID 83201",42.8842511,-112.4418776
"166 WASHINGTON AVE, Pocatello, ID 83201",42.8781147,-112.4464441
"453 E ELM ST, Pocatello, ID 83201",42.8786719,-112.4468453
"463 JEFFERSON AVE, Pocatello, ID 83201",42.8834705,-112.4417276
"608 WILLARD AVE, Pocatello, ID 83201",42.8862441,-112.4476152
"593 WILLARD AVE, Pocatello, ID 83201",42.8857783,-112.4478464
"227 PARK AVE, Pocatello, ID 83201",42.879279,-112.4441936
"594 RANDOLPH AVE, Pocatello, ID 83201",42.8857872,-112.4426915
"409 E MAPLE ST, Pocatello, ID 83201",42.8804802,-112.4475727
"235 RANDOLPH AVE, Pocatello, ID 83201",42.8794045,-112.442984
"160 PARK AVE, Pocatello, ID 83201",42.878008,-112.4439776
"675 JEFFERSON AVE, Pocatello, ID 83201",42.8872604,-112.4417063
"585 WASHINGTON AVE, Pocatello, ID 83201",42.8856444,-112.4466085
"249 JEFFERSON AVE, Pocatello, ID 83201",42.8796291,-112.4417474
"125 RANDOLPH, Pocatello, ID 83201",42.8774318,-112.4429819
"471 PARK AVE, Pocatello, ID 83201",42.8835897,-112.4441676
"373 WARREN AVE, Pocatello, ID 83201",42.8818342,-112.4490941
"506 WARREN AVE, Pocatello, ID 83201",42.8844051,-112.4488568
"197 RANDOLPH AVE, Pocatello, ID 83201",42.8785772,-112.4429937
"732 WASHINGTON AVE, Pocatello, ID 83201",42.8887645,-112.4463599
"559 E WALNUT ST, Pocatello, ID 83201",42.8822735,-112.4458162
"263 WAYNE AVE, Pocatello, ID 83201",42.8798656,-112.4454199
"121 WILLARD AVE, Pocatello, ID 83201",42.8773906,-112.4479049
"155 WILLARD AVE, Pocatello, ID 83201",42.8779304,-112.447898
"837 WASHINGTON, Pocatello, ID 83201",42.8902164,-112.4467944
"544 WARREN AVE, Pocatello, ID 83201",42.8850077,-112.4488492
"354 E PINE ST, Pocatello, ID 83201",42.884269,-112.4481665
"634 PERSHING AVE, Pocatello, ID 83201",42.8866213,-112.4500849
"492 WAYNE AVE, Pocatello, ID 83201",42.8839634,-112.4451681
"861 JEFFERSON AVE, Pocatello, ID 83201",42.891568,-112.441683
"685 RANDOLPH AVE, Pocatello, ID 83201",42.8874274,-112.4429091
"220 RANDOLPH AVE, Pocatello, ID 83201",42.879177,-112.4427637
"720 YELLOWSTONE AVE, Pocatello, ID 83201",42.8882315,-112.4515572
"520 WARREN AVE, Pocatello, ID 83201",42.8846271,-112.448854
"342 RANDOLPH AVE, Pocatello, ID 83201",42.8813469,-112.4427349
"370 WARREN AVE, Pocatello, ID 83201",42.881802,-112.4488693
"267 WILLARD AVE, Pocatello, ID 83201",42.8799273,-112.447878
"560 E OAK ST, Pocatello, ID 83201",42.8770162,-112.4455306
"822 WAYNE, Pocatello, ID 83201",42.8899783,-112.4451483
"683 WARREN AVE, Pocatello, ID 83201",42.8873984,-112.4490688
"281 WARREN AVE, Pocatello, ID 83201",42.8801425,-112.4491077
"134 WARREN AVE, Pocatello, ID 83201",42.8775737,-112.4489042
"660 WARREN AVE, Pocatello, ID 83201",42.8870525,-112.4488446
"460 E OAK ST, Pocatello, ID 83201",42.8770214,-112.4470388
"293 WARREN AVE, Pocatello, ID 83201",42.8803362,-112.4491032
"285 JEFFERSON AVE, Pocatello, ID 83201",42.8802014,-112.4417543
"696 WASHINGTON, Pocatello, ID 83201",42.8876187,-112.4463634
"800 WILLARD AVE, Pocatello, ID 83201",42.889854,-112.447593
"334 RANDOLPH AVE, Pocatello, ID 83201",42.8812198,-112.4427358
"520 WILLARD AVE, Pocatello, ID 83201",42.8846278,-112.4476266
"125 RANDOLPH AVE, Pocatello, ID 83201",42.8774318,-112.4429819
"292 RANDOLPH AVE, Pocatello, ID 83201",42.8803364,-112.4427446
"636 PERSHING AVE, Pocatello, ID 83201",42.8866532,-112.4500853
"147 JEFFERSON AVE, Pocatello, ID 83201",42.8777838,-112.4417633
"253 E PINE ST, Pocatello, ID 83201",42.8841035,-112.4492883
"620 PERSHING AVE, Pocatello, ID 83201",42.886398,-112.4500821
"552 WARREN AVE, Pocatello, ID 83201",42.8851346,-112.4488476
"745 E PINE ST, Pocatello, ID 83201",42.884076,-112.4434805
"836 E POPLAR ST, Pocatello, ID 83201",42.8860637,-112.4423149
"469 E CEDAR ST, Pocatello, ID 83201",42.887692,-112.4467426
"597 JEFFERSON AVE, Pocatello, ID 83201",42.8858075,-112.441707
"285 PARK AVE, Pocatello, ID 83201",42.8802159,-112.4441888
"284 WAYNE AVE, Pocatello, ID 83201",42.8802193,-112.4451923
"762 WILLARD AVE, Pocatello, ID 83201",42.8893034,-112.4475957
"239 JEFFERSON AVE, Pocatello, ID 83201",42.8794701,-112.4417455
"234 PARK AVE, Pocatello, ID 83201",42.8794079,-112.4439683
"325 WILLARD AVE, Pocatello, ID 83201",42.8810651,-112.4478794
"620 WARREN AVE, Pocatello, ID 83201",42.8864235,-112.4488442
"351 RANDOLPH AVE, Pocatello, ID 83201",42.8814749,-112.4429579
"324 WARREN AVE, Pocatello, ID 83201",42.8810626,-112.4488648
"800 E POPLAR ST, Pocatello, ID 83201",42.886059,-112.442639
"269 WASHINGTON AVE, Pocatello, ID 83201",42.8799647,-112.4466564
"203 JEFFERSON AVE, Pocatello, ID 83201",42.8788978,-112.4417516
"689 WASHINGTON AVE, Pocatello, ID 83201",42.8874943,-112.4465879
"111 RANDOLPH AVE, Pocatello, ID 83201",42.8772091,-112.4429796
"777 WASHINGTON, Pocatello, ID 83201",42.8889954,-112.4468188
"205 RANDOLPH AVE, Pocatello, ID 83201",42.8789214,-112.4429919
"301 PARK AVE, Pocatello, ID 83201",42.880689,-112.444196
"868 WASHINGTON AVE, Pocatello, ID 83201",42.8908273,-112.4463306
"585 WASHINGTON, Pocatello, ID 83201",42.8856444,-112.4466085
"696 WAYNE AVE, Pocatello, ID 83201",42.8876202,-112.4451473
"111 RANDOLPH, Pocatello, ID 83201",42.8772091,-112.4429796
"285 RANDOLPH AVE, Pocatello, ID 83201",42.8802096,-112.4429707
"659 WAYNE AVE, Pocatello, ID 83201",42.8871567,-112.4453553
"500 E PINE ST, Pocatello, ID 83201",42.884267,-112.446349
"846 E POPLAR, Pocatello, ID 83201",42.886065,-112.4422249
"763 WASHINGTON AVE, Pocatello, ID 83201",42.8888201,-112.4465842
"255 RANDOLPH AVE, Pocatello, ID 83201",42.8797265,-112.4429787
"650 PARK AVE, Pocatello, ID 83201",42.8871083,-112.4439249
"490 WAYNE AVE, Pocatello, ID 83201",42.8839312,-112.4451678
"750 E POPLAR, Pocatello, ID 83201",42.8860712,-112.4434122
"409 WASHINGTON AVE, Pocatello, ID 83201",42.8826101,-112.4466345
"837 RANDOLPH AVE, Pocatello, ID 83201",42.8902218,-112.4429027
"846 E POPLAR ST, Pocatello, ID 83201",42.886065,-112.4422249
"315 RANDOLPH AVE, Pocatello, ID 83201",42.8809033,-112.4429623
"799 JEFFERSON AVE, Pocatello, ID 83201",42.889389,-112.441685
"420 E OAK ST, Pocatello, ID 83201",42.877024,-112.447266
"136 WASHINGTON AVE, Pocatello, ID 83201",42.8776335,-112.4464513
"123 JEFFERSON AVE, Pocatello, ID 83201",42.8773984,-112.4417652
"603 WILLARD AVE, Pocatello, ID 83201",42.8861513,-112.4478398
"670 RANDOLPH AVE, Pocatello, ID 83201",42.8872049,-112.4426863
"330 PARK AVE, Pocatello, ID 83201",42.8811648,-112.4439688
"542 PERSHING AVE, Pocatello, ID 83201",42.8849601,-112.4500873
"810 WAYNE AVE, Pocatello, ID 83201",42.889773,-112.4451494
"385 JEFFERSON AVE, Pocatello, ID 83201",42.882011,-112.4417282
"237 WILLARD AVE, Pocatello, ID 83201",42.8794494,-112.4478821
"396 WAYNE AVE, Pocatello, ID 83201",42.8822035,-112.445165
"300 PARK AVE, Pocatello, ID 83201",42.88069,-112.443972
"654 WARREN AVE, Pocatello, ID 83201",42.8869581,-112.4488446
"423 E MAPLE ST, Pocatello, ID 83201",42.8804807,-112.4475301
"575 JEFFERSON AVE, Pocatello, ID 83201",42.8854606,-112.44171
"290 PARK AVE, Pocatello, ID 83201",42.8803136,-112.4439662
"206 WILLARD AVE, Pocatello, ID 83201",42.8789707,-112.4476622
"361 JEFFERSON AVE, Pocatello, ID 83201",42.8816287,-112.4417341
"529 E WALNUT ST, Pocatello, ID 83201",42.8822743,-112.4460954
"395 E WALNUT ST, Pocatello, ID 83201",42.8824511,-112.4485436
"754 E POPLAR, Pocatello, ID 83201",42.8860703,-112.4433753
"245 WARREN AVE, Pocatello, ID 83201",42.8795615,-112.4491212
"200 WARREN AVE, Pocatello, ID 83201",42.878861,-112.448893
"308 WASHINGTON AVE, Pocatello, ID 83201",42.8808169,-112.4464268
"360 PERSHING AVE, Pocatello, ID 83201",42.8816399,-112.4501191
"715 WASHINGTON AVE, Pocatello, ID 83201",42.8879605,-112.446584
"320 PARK AVE, Pocatello, ID 83201",42.8810065,-112.4439706
"154 WILLARD AVE, Pocatello, ID 83201",42.8779294,-112.447675
"160 WILLARD AVE, Pocatello, ID 83201",42.8780247,-112.4476738
"240 E MAPLE ST, Pocatello, ID 83201",42.8806456,-112.4493392
"675 WASHINGTON AVE, Pocatello, ID 83201",42.8872748,-112.4465907
"804 PARK AVE, Pocatello, ID 83201",42.8896661,-112.4438978
"203 WARREN AVE, Pocatello, ID 83201",42.8788842,-112.4491196
"462 PARK AVE, Pocatello, ID 83201",42.8834629,-112.4439449
"716 YELLOWSTONE AVE, Pocatello, ID 83201",42.888163,-112.451558
"100 WASHINGTON AVE, Pocatello, ID 83201",42.877056,-112.44646
"800 E PINE ST, Pocatello, ID 83201",42.884249,-112.442657
"465 WAYNE AVE, Pocatello, ID 83201",42.8835119,-112.445388
"820 E PINE ST, Pocatello, ID 83201",42.8842515,-112.4424799
"375 JEFFERSON AVE, Pocatello, ID 83201",42.8818516,-112.441729
"445 JEFFERSON AVE, Pocatello, ID 83201",42.8831832,-112.4417254
"530 WASHINGTON, Pocatello, ID 83201",42.8847855,-112.4463964
"354 WARREN AVE, Pocatello, ID 83201",42.8815448,-112.4488677
"653 RANDOLPH AVE, Pocatello, ID 83201",42.886921,-112.4429118
"775 WAYNE AVE, Pocatello, ID 83201",42.8891592,-112.4453777
"136 WARREN AVE, Pocatello, ID 83201",42.8776062,-112.4489049
"364 WILLARD AVE, Pocatello, ID 83201",42.8816986,-112.4476562
"303 WASHINGTON AVE, Pocatello, ID 83201",42.8807235,-112.4466517
"160 WARREN AVE, Pocatello, ID 83201",42.8779966,-112.4489021
"750 PARK AVE, Pocatello, ID 83201",42.888747,-112.4439067
"306 RANDOLPH AVE, Pocatello, ID 83201",42.8807753,-112.4427393
"339 WAYNE AVE, Pocatello, ID 83201",42.8812919,-112.4454003
"RANDOLPH AVE, Pocatello, ID 83201",42.8841422,-112.4429062
"100 RANDOLPH AVE, Pocatello, ID 83201",42.877051,-112.442754
"565 WARREN AVE, Pocatello, ID 83201",42.8853239,-112.4490692
"360 WARREN AVE, Pocatello, ID 83201",42.8816413,-112.4488683
"400 WASHINGTON AVE, Pocatello, ID 83201",42.88248,-112.446412
"411 WAYNE AVE, Pocatello, ID 83201",42.8826429,-112.4453888
"472 WILLARD AVE, Pocatello, ID 83201",42.8836433,-112.4476327
"653 JEFFERSON AVE, Pocatello, ID 83201",42.8869116,-112.4417047
"279 JEFFERSON AVE, Pocatello, ID 83201",42.880106,-112.4417532
"251 WAYNE AVE, Pocatello, ID 83201",42.8796721,-112.4454218
"135 WASHINGTON AVE, Pocatello, ID 83201",42.877603,-112.4466758
"648 E POPLAR ST, Pocatello, ID 83201",42.8860744,-112.4446605
"100 WAYNE AVE, Pocatello, ID 83201",42.877059,-112.445207
"710 E MAPLE ST, Pocatello, ID 83201",42.8806464,-112.4438219
"770 WAYNE, Pocatello, ID 83201",42.8890886,-112.4451529
"246 E ELM ST, Pocatello, ID 83201",42.8787958,-112.4499653
"362 E PINE ST, Pocatello, ID 83201",42.884269,-112.4481195
"500 RANDOLPH AVE, Pocatello, ID 83201",42.884287,-112.442709
"100 WILLARD AVE, Pocatello, ID 83201",42.877072,-112.447686
"393 RANDOLPH AVE, Pocatello, ID 83201",42.8821417,-112.4429527
"404 WAYNE AVE, Pocatello, ID 83201",42.8825464,-112.4451649
"404 WAYNE, Pocatello, ID 83201",42.8825464,-112.4451649
"675 WARREN AVE, Pocatello, ID 83201",42.8872726,-112.4490688
"770 WAYNE AVE, Pocatello, ID 83201",42.8890886,-112.4451529
"630 WASHINGTON AVE, Pocatello, ID 83201",42.8865842,-112.4463762
"200 RANDOLPH AVE, Pocatello, ID 83201",42.878855,-112.442769
"647 RANDOLPH AVE, Pocatello, ID 83201",42.886826,-112.4429122
"427 RANDOLPH AVE, Pocatello, ID 83201",42.8828976,-112.4429474
"360 RANDOLPH AVE, Pocatello, ID 83201",42.8816327,-112.4427327
"665 WARREN AVE, Pocatello, ID 83201",42.8871154,-112.4490687
"200 WAYNE AVE, Pocatello, ID 83201",42.878865,-112.445206
"300 WILLARD AVE, Pocatello, ID 83201",42.880685,-112.447654
"542 RANDOLPH AVE, Pocatello, ID 83201",42.8849573,-112.4426978
"240 WASHINGTON AVE, Pocatello, ID 83201",42.8795154,-112.4464347
"450 WAYNE AVE, Pocatello, ID 83201",42.8832871,-112.4451642
"738 PARK AVE, Pocatello, ID 83201",42.8885428,-112.4439087
"350 RANDOLPH AVE, Pocatello, ID 83201",42.8814739,-112.4427339
"183 WAYNE AVE, Pocatello, ID 83201",42.8783643,-112.445431
"678 WILLARD AVE, Pocatello, ID 83201",42.8873391,-112.447608
"503 WAYNE AVE, Pocatello, ID 83201",42.8843389,-112.4453939
"799 PARK AVE, Pocatello, ID 83201",42.889565,-112.4441228
"867 WASHINGTON AVE, Pocatello, ID 83201",42.8907012,-112.4467713
"185 JEFFERSON AVE, Pocatello, ID 83201",42.8783942,-112.441759
"442 RANDOLPH AVE, Pocatello, ID 83201",42.8831507,-112.4427218
"787 WILLARD AVE, Pocatello, ID 83201",42.8896522,-112.4478184
"WAYNE AVE, Pocatello, ID 83201",42.8841374,-112.4453272
"435 RANDOLPH AVE, Pocatello, ID 83201",42.8830249,-112.4429466
"149 RANDOLPH AVE, Pocatello, ID 83201",42.8778136,-112.4429858
"106 PARK AVE, Pocatello, ID 83201",42.8771512,-112.4439708
"195 RANDOLPH AVE, Pocatello, ID 83201",42.8785454,-112.4429933
"800 E WALNUT ST, Pocatello, ID 83201",42.882443,-112.442672
"100 PARK AVE, Pocatello, ID 83201",42.877056,-112.44397
"452 WARREN AVE, Pocatello, ID 83201",42.8833284,-112.4488662
"186 WILLARD AVE, Pocatello, ID 83201",42.8784375,-112.4476684
"346 RANDOLPH AVE, Pocatello, ID 83201",42.8814104,-112.4427344
"510 RANDOLPH AVE, Pocatello, ID 83201",42.8844466,-112.4427063
"765 E CEDAR ST, Pocatello, ID 83201",42.8876923,-112.4432742
"759 WASHINGTON, Pocatello, ID 83201",42.8885455,-112.4469887
"219 WAYNE AVE, Pocatello, ID 83201",42.8791562,-112.4454271
"168 WILLARD AVE, Pocatello, ID 83201",42.8781517,-112.4476721
"807 RANDOLPH AVE, Pocatello, ID 83201",42.8897085,-112.4429073
"237 WAYNE AVE, Pocatello, ID 83201",42.8794464,-112.4454241
"445 WAYNE AVE, Pocatello, ID 83201",42.8831901,-112.4453883
"820 E POPLAR ST, Pocatello, ID 83201",42.8860616,-112.442459
"594 WILLARD AVE, Pocatello, ID 83201",42.8858072,-112.4476208
"686 WASHINGTON AVE, Pocatello, ID 83201",42.8874619,-112.4463653
"828 WASHINGTON, Pocatello, ID 83201",42.8900979,-112.4462891
"365 WILLARD AVE, Pocatello, ID 83201",42.8817002,-112.4478816
"173 WAYNE AVE, Pocatello, ID 83201",42.8782051,-112.445431
"477 JEFFERSON AVE, Pocatello, ID 83201",42.8836939,-112.4417293
"750 E POPLAR ST, Pocatello, ID 83201",42.8860712,-112.4434122
"250 WARREN AVE, Pocatello, ID 83201",42.8796614,-112.4488927
"353 E CEDAR ST, Pocatello, ID 83201",42.887694,-112.4481552
"355 PARK AVE, Pocatello, ID 83201",42.8815447,-112.4441887
"133 WILLARD AVE, Pocatello, ID 83201",42.8775811,-112.4479025
"678 WARREN AVE, Pocatello, ID 83201",42.8873355,-112.4488448
"553 WASHINGTON AVE, Pocatello, ID 83201",42.8851357,-112.4466155
"682 WASHINGTON AVE, Pocatello, ID 83201",42.8873992,-112.4463661
"105 PARK AVE, Pocatello, ID 83201",42.8771186,-112.4441945
"433 WARREN AVE, Pocatello, ID 83201",42.88301,-112.4490924
"760 PARK AVE, Pocatello, ID 83201",42.8889172,-112.4439051
"132 WILLARD AVE, Pocatello, ID 83201",42.8775801,-112.4476795
"242 WAYNE AVE, Pocatello, ID 83201",42.8795421,-112.4451991
"300 RANDOLPH AVE, Pocatello, ID 83201",42.88068,-112.44274
"215 E CEDAR ST, Pocatello, ID 83201",42.8876866,-112.4495929
"705 E CEDAR ST, Pocatello, ID 83201",42.8876932,-112.4438215
"269 E PINE ST, Pocatello, ID 83201",42.8841037,-112.4492363
"700 WAYNE AVE, Pocatello, ID 83201",42.887891,-112.445159
"264 WASHINGTON AVE, Pocatello, ID 83201",42.8798997,-112.4464328
"PARK AVE, Pocatello, ID 83201",42.8929776,-112.4443183
"706 E POPLAR ST, Pocatello, ID 83201",42.886078,-112.4438186
"755 WILLARD AVE, Pocatello, ID 83201",42.8891885,-112.4478201
"449 PARK AVE, Pocatello, ID 83201",42.8832438,-112.4441712
"657 RANDOLPH AVE, Pocatello, ID 83201",42.8869843,-112.4429114
"492 WAYNE, Pocatello, ID 83201",42.8839634,-112.4451681
"822 WAYNE AVE, Pocatello, ID 83201",42.8899783,-112.4451483
"600 WILLARD AVE, Pocatello, ID 83201",42.886119,-112.447616
"697 WAYNE, Pocatello, ID 83201",42.8876159,-112.4453723
"396 PERSHING AVE, Pocatello, ID 83201",42.8822188,-112.4501143
"255 E POPLAR, Pocatello, ID 83201",42.8858905,-112.4495206
"725 E PINE ST, Pocatello, ID 83201",42.8840742,-112.4436626
"404 E PINE ST, Pocatello, ID 83201",42.884268,-112.4475492
"409 JEFFERSON AVE, Pocatello, ID 83201",42.8826087,-112.4417255
"431 RANDOLPH AVE, Pocatello, ID 83201",42.8829613,-112.442947
"360 E PINE ST, Pocatello, ID 83201",42.884269,-112.4481313
"400 WAYNE AVE, Pocatello, ID 83201",42.882482,-112.445165
"162 WAYNE AVE, Pocatello, ID 83201",42.8780459,-112.445207
"255 WARREN AVE, Pocatello, ID 83201",42.8797229,-112.4491175
"810 E POPLAR, Pocatello, ID 83201",42.8860603,-112.442549
"443 PARK AVE, Pocatello, ID 83201",42.8831494,-112.4441721
"138 WAYNE AVE, Pocatello, ID 83201",42.8776639,-112.445207
"179 JEFFERSON AVE, Pocatello, ID 83201",42.8782978,-112.4417603
"466 E PINE ST, Pocatello, ID 83201",42.884267,-112.44687
"221 RANDOLPH AVE, Pocatello, ID 83201",42.879179,-112.4429877
"345 RANDOLPH AVE, Pocatello, ID 83201",42.8813796,-112.4429586
"493 PARK AVE, Pocatello, ID 83201",42.8839357,-112.444164
"427 RANDOLPH, Pocatello, ID 83201",42.8828976,-112.4429474
"556 WARREN AVE, Pocatello, ID 83201",42.885198,-112.4488468
"413 WILLARD AVE, Pocatello, ID 83201",42.8826791,-112.4478719
"197 RANDOLPH, Pocatello, ID 83201",42.8785772,-112.4429937
"152 RANDOLPH AVE, Pocatello, ID 83201",42.8778782,-112.4427625
"437 JEFFERSON AVE, Pocatello, ID 83201",42.8830555,-112.4417244
"208 RANDOLPH AVE, Pocatello, ID 83201",42.8789838,-112.4427669
"250 PARK AVE, Pocatello, ID 83201",42.8796667,-112.4439656
"518 E POPLAR ST, Pocatello, ID 83201",42.8860715,-112.4461981
"273 WARREN AVE, Pocatello, ID 83201",42.8800134,-112.4491107
"122 PARK AVE, Pocatello, ID 83201",42.8774051,-112.4439728
"270 E POPLAR, Pocatello, ID 83201",42.8860559,-112.4493861
"509 WILLARD AVE, Pocatello, ID 83201",42.8844377,-112.4478516
"623 WILLARD AVE, Pocatello, ID 83201",42.8864641,-112.4478378
"144 WARREN AVE, Pocatello, ID 83201",42.8777365,-112.4489076
"640 PERSHING AVE, Pocatello, ID 83201",42.886717,-112.4500862
"575 WILLARD AVE, Pocatello, ID 83201",42.885491,-112.4478486
"310 E OAK ST, Pocatello, ID 83201",42.8771972,-112.4487662
"312 PARK AVE, Pocatello, ID 83201",42.8808799,-112.443972
"350 E CEDAR ST, Pocatello, ID 83201",42.887859,-112.4480231
"332 E MAPLE ST, Pocatello, ID 83201",42.880639,-112.448203
"330 WAYNE AVE, Pocatello, ID 83201",42.8811636,-112.4451777
"500 WILLARD AVE, Pocatello, ID 83201",42.884309,-112.447628
"600 E CEDAR ST, Pocatello, ID 83201",42.887849,-112.445103
"645 E CEDAR ST, Pocatello, ID 83201",42.887682,-112.444696
"234 WASHINGTON AVE, Pocatello, ID 83201",42.8794193,-112.4464352
"266 WASHINGTON AVE, Pocatello, ID 83201",42.8799317,-112.4464326
"754 WILLARD AVE, Pocatello, ID 83201",42.8891875,-112.4475961
"186 WASHINGTON AVE, Pocatello, ID 83201",42.8784355,-112.4464398
"731 WASHINGTON AVE, Pocatello, ID 83201",42.888032,-112.446584
"744 RANDOLPH, Pocatello, ID 83201",42.8886504,-112.4426896
"313 PARK AVE, Pocatello, ID 83201",42.8808792,-112.444196
"600 WASHINGTON AVE, Pocatello, ID 83201",42.886114,-112.446382
"146 WILLARD AVE, Pocatello, ID 83201",42.8778024,-112.4476766
"263 PARK AVE, Pocatello, ID 83201",42.8798605,-112.4441876
"646 WILLARD AVE, Pocatello, ID 83201",42.8868386,-112.4476113
"333 WAYNE AVE, Pocatello, ID 83201",42.8811975,-112.445402
"289 JEFFERSON AVE, Pocatello, ID 83201",42.880265,-112.4417551
"565 WAYNE AVE, Pocatello, ID 83201",42.8853266,-112.4453922
"596 PERSHING AVE, Pocatello, ID 83201",42.8857999,-112.4500774
"340 WAYNE AVE, Pocatello, ID 83201",42.8813212,-112.4451746
"805 WILLARD AVE, Pocatello, ID 83201",42.889913,-112.4478163
"500 WAYNE AVE, Pocatello, ID 83201",42.884306,-112.44517
"129 WAYNE AVE, Pocatello, ID 83201",42.8775047,-112.445431
"840 PARK AVE, Pocatello, ID 83201",42.8902788,-112.4438933
"353 WASHINGTON AVE, Pocatello, ID 83201",42.8815102,-112.446644
"553 E PINE ST, Pocatello, ID 83201",42.884101,-112.4455918
"507 WILLARD AVE, Pocatello, ID 83201",42.8844058,-112.4478517
"400 RANDOLPH AVE, Pocatello, ID 83201",42.882483,-112.442726
"270 WAYNE AVE, Pocatello, ID 83201",42.8799936,-112.4451946
"305 JEFFERSON AVE, Pocatello, ID 83201",42.8808119,-112.4420311
"296 PERSHING AVE, Pocatello, ID 83201",42.8803964,-112.4501399
"864 WASHINGTON AVE, Pocatello, ID 83201",42.8908938,-112.4461235
"732 WASHINGTON, Pocatello, ID 83201",42.8887645,-112.4463599
"490 WILLARD AVE, Pocatello, ID 83201",42.8839332,-112.4476295
"272 WARREN AVE, Pocatello, ID 83201",42.8800136,-112.4488855
"210 PARK AVE, Pocatello, ID 83201",42.8790197,-112.4439723
"762 E CEDAR ST, Pocatello, ID 83201",42.8878573,-112.4432926
"374 WILLARD AVE, Pocatello, ID 83201",42.8818569,-112.4476565
"844 PARK AVE, Pocatello, ID 83201",42.8903469,-112.443893
"442 RANDOLPH, Pocatello, ID 83201",42.8831507,-112.4427218
"261 RANDOLPH AVE, Pocatello, ID 83201",42.8798231,-112.4429771
"456 WAYNE, Pocatello, ID 83201",42.8833837,-112.4451641
"517 E CEDAR ST, Pocatello, ID 83201",42.8876903,-112.4461648
"198 RANDOLPH AVE, Pocatello, ID 83201",42.87861,-112.44277
"270 RANDOLPH AVE, Pocatello, ID 83201",42.8799821,-112.4427504
"246 RANDOLPH AVE, Pocatello, ID 83201",42.8795957,-112.4427568
"265 JEFFERSON AVE, Pocatello, ID 83201",42.8798835,-112.4417505
"185 RANDOLPH AVE, Pocatello, ID 83201",42.8783863,-112.4429917
"627 WAYNE AVE, Pocatello, ID 83201",42.8867696,-112.4453558
"200 PARK AVE, Pocatello, ID 83201",42.878858,-112.443974
"165 RANDOLPH AVE, Pocatello, ID 83201",42.8780681,-112.4429884
"200 WILLARD AVE, Pocatello, ID 83201",42.878875,-112.447663
"920 E PINE ST, Pocatello, ID 83201",42.8842512,-112.4413226
"1080 E WALNUT ST, Pocatello, ID 83201",42.8824197,-112.4394492
"555 JEFFERSON AVE, Pocatello, ID 83201",42.8851453,-112.4417157
"832 WILLARD AVE, Pocatello, ID 83201",42.8903177,-112.4475881
"442 WAYNE AVE, Pocatello, ID 83201",42.8831583,-112.4451643
"555 WILLARD AVE, Pocatello, ID 83201",42.8851718,-112.4478495
"270 E POPLAR ST, Pocatello, ID 83201",42.8860559,-112.4493861
"630 WASHINGTON, Pocatello, ID 83201",42.8865842,-112.4463762
"682 WASHINGTON, Pocatello, ID 83201",42.8873992,-112.4463661
"687 WILLARD AVE, Pocatello, ID 83201",42.8874653,-112.4478312
"204 WASHINGTON AVE, Pocatello, ID 83201",42.878939,-112.4464377
"300 E MAPLE ST, Pocatello, ID 83201",42.880633,-112.448815
"256 RANDOLPH AVE, Pocatello, ID 83201",42.8797567,-112.4427541
"545 JEFFERSON AVE, Pocatello, ID 83201",42.8849877,-112.4417185
"335 RANDOLPH AVE, Pocatello, ID 83201",42.8812208,-112.4429598
"753 WAYNE AVE, Pocatello, ID 83201",42.8887825,-112.4453793
"138 RANDOLPH AVE, Pocatello, ID 83201",42.8776555,-112.4427602
"336 WASHINGTON AVE, Pocatello, ID 83201",42.8812574,-112.4464225
"412 WARREN AVE, Pocatello, ID 83201",42.8826896,-112.4488707
"165 WAYNE AVE, Pocatello, ID 83201",42.8780778,-112.445431
"140 WARREN AVE, Pocatello, ID 83201",42.8776714,-112.4489062
"623 PARK AVE, Pocatello, ID 83201",42.8867938,-112.4441519
"700 E CEDAR ST, Pocatello, ID 83201",42.887857,-112.443862
"193 RANDOLPH AVE, Pocatello, ID 83201",42.8785136,-112.442993
"451 PARK AVE, Pocatello, ID 83201",42.8832752,-112.4441708
"610 PARK AVE, Pocatello, ID 83201",42.8866577,-112.4439306
"155 WARREN AVE, Pocatello, ID 83201",42.8778931,-112.4491405
"556 E CEDAR ST, Pocatello, ID 83201",42.8878527,-112.4458097
"229 WAYNE AVE, Pocatello, ID 83201",42.8793174,-112.4454254
"288 WILLARD AVE, Pocatello, ID 83201",42.8802785,-112.4476536
"319 PARK AVE, Pocatello, ID 83201",42.8809742,-112.4441949
"554 E MAPLE ST, Pocatello, ID 83201",42.880651,-112.4456006
"201 JEFFERSON AVE, Pocatello, ID 83201",42.878866,-112.441752
"490 PARK AVE, Pocatello, ID 83201",42.8839032,-112.4439403
"625 WARREN AVE, Pocatello, ID 83201",42.8864864,-112.4490682
"245 WAYNE AVE, Pocatello, ID 83201",42.8795754,-112.4454228
"156 RANDOLPH, Pocatello, ID 83201",42.8779419,-112.4427631
"335 PERSHING AVE, Pocatello, ID 83201",42.8812247,-112.4503479
"782 GRACE DR, Pocatello, ID 83201",42.889404,-112.459938
"540 PERSHING AVE, Pocatello, ID 83201",42.884929,-112.4500877
"610 WARREN AVE, Pocatello, ID 83201",42.8862662,-112.4488441
"618 E PINE ST, Pocatello, ID 83201",42.8842666,-112.4449482
"441 WAYNE AVE, Pocatello, ID 83201",42.8831257,-112.4453884
"431 WILLARD AVE, Pocatello, ID 83201",42.8829687,-112.4478674
"700 WASHINGTON AVE, Pocatello, ID 83201",42.888279,-112.446359
"570 E CEDAR ST, Pocatello, ID 83201",42.8878521,-112.4456861
"682 RANDOLPH AVE, Pocatello, ID 83201",42.8873948,-112.4426853
"640 RANDOLPH AVE, Pocatello, ID 83201",42.8867301,-112.4426887
"580 WARREN AVE, Pocatello, ID 83201",42.8855786,-112.448842
"784 WILLARD AVE, Pocatello, ID 83201",42.8896222,-112.4475945
"684 WILLARD AVE, Pocatello, ID 83201",42.887433,-112.4476074
"785 WAYNE AVE, Pocatello, ID 83201",42.8893305,-112.445377
"320 WARREN AVE, Pocatello, ID 83201",42.8809984,-112.4488644
"816 WASHINGTON AVE, Pocatello, ID 83201",42.8900386,-112.4463415
"359 PARK AVE, Pocatello, ID 83201",42.8816081,-112.444188
"510 WILLARD AVE, Pocatello, ID 83201",42.8844684,-112.4476273
"162 WARREN AVE, Pocatello, ID 83201",42.878029,-112.4488989
"332 RANDOLPH AVE, Pocatello, ID 83201",42.8811881,-112.4427361
"133 JEFFERSON AVE, Pocatello, ID 83201",42.877559,-112.4417644
"383 WILLARD AVE, Pocatello, ID 83201",42.881986,-112.4478826
"615 WARREN AVE, Pocatello, ID 83201",42.8863291,-112.4490681
"148 WASHINGTON AVE, Pocatello, ID 83201",42.8778259,-112.4464484
"427 JEFFERSON AVE, Pocatello, ID 83201",42.8828959,-112.4417244
"434 WARREN AVE, Pocatello, ID 83201",42.883041,-112.4488682
"444 FAIRMONT AVE, Pocatello, ID 83201",42.8831713,-112.438998
"450 WAYNE, Pocatello, ID 83201",42.8832871,-112.4451642
"157 WAYNE AVE, Pocatello, ID 83201",42.8779504,-112.445431
"457 JEFFERSON AVE, Pocatello, ID 83201",42.8833747,-112.4417269
"235 WILLARD AVE, Pocatello, ID 83201",42.8794176,-112.4478824
"470 PERSHING AVE, Pocatello, ID 83201",42.8836137,-112.4501013
"180 JEFFERSON AVE, Pocatello, ID 83201",42.8783289,-112.4415359
"158 RANDOLPH AVE, Pocatello, ID 83201",42.8779737,-112.4427635
"467 PARK AVE, Pocatello, ID 83201",42.8835268,-112.4441682
"245 E ELM ST, Pocatello, ID 83201",42.8787958,-112.4499684
"744 WASHINGTON AVE, Pocatello, ID 83201",42.8889465,-112.4463594
"861 WAYNE AVE, Pocatello, ID 83201",42.8906316,-112.445355
"394 WARREN AVE, Pocatello, ID 83201",42.8821877,-112.4488716
"170 WILLARD AVE, Pocatello, ID 83201",42.8781834,-112.4476717
"156 RANDOLPH AVE, Pocatello, ID 83201",42.8779419,-112.4427631
"398 WARREN AVE, Pocatello, ID 83201",42.882252,-112.448872
"328 WARREN AVE, Pocatello, ID 83201",42.8811269,-112.4488652
"328 E MAPLE ST, Pocatello, ID 83201",42.8806359,-112.4485565
"661 WILLARD AVE, Pocatello, ID 83201",42.8870586,-112.4478339
"467 WARREN AVE, Pocatello, ID 83201",42.883553,-112.4490886
"614 PARK AVE, Pocatello, ID 83201",42.8867027,-112.44393
"345 WILLARD AVE, Pocatello, ID 83201",42.8813826,-112.4478805
"670 WAYNE AVE, Pocatello, ID 83201",42.8872326,-112.4451262
"251 WASHINGTON AVE, Pocatello, ID 83201",42.8796765,-112.4466579
"320 WAYNE AVE, Pocatello, ID 83201",42.8810061,-112.4451808
"461 PARK AVE, Pocatello, ID 83201",42.8834325,-112.4441692
"810 E WALNUT ST, Pocatello, ID 83201",42.8824434,-112.4425812
"352 WAYNE AVE, Pocatello, ID 83201",42.8815102,-112.4451708
"260 WASHINGTON AVE, Pocatello, ID 83201",42.8798356,-112.4464331
"300 WAYNE AVE, Pocatello, ID 83201",42.880691,-112.445187
"506 RANDOLPH AVE, Pocatello, ID 83201",42.8843828,-112.4427074
"584 WILLARD AVE, Pocatello, ID 83201",42.8856479,-112.4476223
"300 WARREN AVE, Pocatello, ID 83201",42.880677,-112.448871
"600 JEFFERSON AVE, Pocatello, ID 83201",42.886086,-112.441482
"180 RANDOLPH AVE, Pocatello, ID 83201",42.8783237,-112.4427671
"734 RANDOLPH AVE, Pocatello, ID 83201",42.8884789,-112.4426883
"710 RANDOLPH, Pocatello, ID 83201",42.8880675,-112.4426853
"161 PARK AVE, Pocatello, ID 83201",42.8780083,-112.4442016
"454 WARREN AVE, Pocatello, ID 83201",42.8833603,-112.4488659
"859 WILLARD AVE, Pocatello, ID 83201",42.8906954,-112.4478081
"432 WAYNE, Pocatello, ID 83201",42.8829973,-112.4451645
"675 WILLARD AVE, Pocatello, ID 83201",42.8872776,-112.4478324
"WASHINGTON AVE, Pocatello, ID 83201",42.8859452,-112.4465432
"730 PARK AVE, Pocatello, ID 83201",42.8884066,-112.44391
"497 JEFFERSON AVE, Pocatello, ID 83201",42.8840131,-112.4417318
"397 WARREN AVE, Pocatello, ID 83201",42.8822189,-112.4490959
"431 WAYNE AVE, Pocatello, ID 83201",42.8829648,-112.4453885
"800 WAYNE AVE, Pocatello, ID 83201",42.8896019,-112.4451502
"238 RANDOLPH AVE, Pocatello, ID 83201",42.8794669,-112.4427589
"486 WASHINGTON AVE, Pocatello, ID 83201",42.8838674,-112.4464067
"247 WASHINGTON AVE, Pocatello, ID 83201",42.8796125,-112.4466582
"355 RANDOLPH AVE, Pocatello, ID 83201",42.8815384,-112.4429574
"855 PARK AVE, Pocatello, ID 83201",42.8905181,-112.4441161
"621 PARK AVE, Pocatello, ID 83201",42.8867713,-112.4441521
"771 RANDOLPH AVE, Pocatello, ID 83201",42.8890926,-112.4429128
"209 RANDOLPH AVE, Pocatello, ID 83201",42.8789858,-112.4429909
"710 RANDOLPH AVE, Pocatello, ID 83201",42.8880675,-112.4426853
"379 PARK AVE, Pocatello, ID 83201",42.8819251,-112.4441845
"749 PARK AVE, Pocatello, ID 83201",42.888714,-112.4441311
"418 RANDOLPH AVE, Pocatello, ID 83201",42.8827692,-112.4427242
"369 E MAPLE ST, Pocatello, ID 83201",42.8804751,-112.4480995
"333 RANDOLPH AVE, Pocatello, ID 83201",42.8811891,-112.4429601
"325 PARK AVE, Pocatello, ID 83201",42.8810693,-112.4441939
"195 WASHINGTON AVE, Pocatello, ID 83201",42.8785649,-112.4466633
"596 RANDOLPH AVE, Pocatello, ID 83201",42.8858191,-112.4426917
"794 WILLARD AVE, Pocatello, ID 83201",42.8897671,-112.4475939
"789 PARK AVE, Pocatello, ID 83201",42.8893948,-112.4441244
"726 WASHINGTON AVE, Pocatello, ID 83201",42.8881602,-112.4462637
"122 WARREN AVE, Pocatello, ID 83201",42.8773782,-112.4489003
"820 RANDOLPH AVE, Pocatello, ID 83201",42.8899534,-112.442679
"655 WAYNE, Pocatello, ID 83201",42.8871083,-112.4453553
"600 RANDOLPH AVE, Pocatello, ID 83201",42.886097,-112.442692
"706 PARK AVE, Pocatello, ID 83201",42.8879981,-112.443914
"116 PARK AVE, Pocatello, ID 83201",42.8773099,-112.443972
"455 WILLARD AVE, Pocatello, ID 83201",42.8833549,-112.4478613
"581 WARREN AVE, Pocatello, ID 83201",42.8855771,-112.449066
"400 PARK AVE, Pocatello, ID 83201",42.882488,-112.443955
"646 E POPLAR ST, Pocatello, ID 83201",42.8860743,-112.4446785
"806 WASHINGTON AVE, Pocatello, ID 83201",42.8898869,-112.4463443
"756 WAYNE, Pocatello, ID 83201",42.8888491,-112.4451541
"792 RANDOLPH, Pocatello, ID 83201",42.8894734,-112.4426842
"500 WASHINGTON AVE, Pocatello, ID 83201",42.884308,-112.446403
"496 PERSHING AVE, Pocatello, ID 83201",42.8840281,-112.4500973
"813 PARK AVE, Pocatello, ID 83201",42.8898032,-112.4441205
"254 E PINE ST, Pocatello, ID 83201",42.8842685,-112.4492858
"428 E ELM ST, Pocatello, ID 83201",42.8788362,-112.4474422
"540 E POPLAR ST, Pocatello, ID 83201",42.886071,-112.445721
"331 WASHINGTON AVE, Pocatello, ID 83201",42.881164,-112.4466474
"400 E PINE ST, Pocatello, ID 83201",42.884268,-112.447572
"615 RANDOLPH AVE, Pocatello, ID 83201",42.8863196,-112.4429149
"344 WARREN AVE, Pocatello, ID 83201",42.8813841,-112.4488667
"128 WASHINGTON AVE, Pocatello, ID 83201",42.8775051,-112.4464532
"756 WAYNE AVE, Pocatello, ID 83201",42.8888491,-112.4451541
"747 WILLARD AVE, Pocatello, ID 83201",42.8890726,-112.4478205
"621 WARREN AVE, Pocatello, ID 83201",42.8864235,-112.4490682
"422 RANDOLPH AVE, Pocatello, ID 83201",42.8828328,-112.4427238
"687 WARREN AVE, Pocatello, ID 83201",42.8874613,-112.4490689
"316 E POPLAR, Pocatello, ID 83201",42.8860703,-112.4487488
"321 RANDOLPH AVE, Pocatello, ID 83201",42.8809986,-112.4429616
"830 WASHINGTON AVE, Pocatello, ID 83201",42.8901893,-112.4462878
"540 E POPLAR, Pocatello, ID 83201",42.886071,-112.445721
"575 WAYNE AVE, Pocatello, ID 83201",42.8854859,-112.4453902
"637 WARREN AVE, Pocatello, ID 83201",42.8866751,-112.4490684
"303 E PINE ST, Pocatello, ID 83201",42.884105,-112.4487983
"328 WILLARD AVE, Pocatello, ID 83201",42.8811284,-112.4476549
"613 WILLARD AVE, Pocatello, ID 83201",42.8863077,-112.4478388
"429 WASHINGTON AVE, Pocatello, ID 83201",42.8829327,-112.4466333
"181 WASHINGTON AVE, Pocatello, ID 83201",42.8783404,-112.4466647
"825 PARK AVE, Pocatello, ID 83201",42.8900075,-112.4441185
"631 WILLARD AVE, Pocatello, ID 83201",42.8865893,-112.4478369
"480 WASHINGTON AVE, Pocatello, ID 83201",42.8837706,-112.4464071
"495 WILLARD AVE, Pocatello, ID 83201",42.8839986,-112.4478533
"440 WASHINGTON AVE, Pocatello, ID 83201",42.8831253,-112.4464096
"438 E ELM ST, Pocatello, ID 83201",42.8788366,-112.4473826
"656 WAYNE AVE, Pocatello, ID 83201",42.8870234,-112.4451281
"656 WAYNE, Pocatello, ID 83201",42.8870234,-112.4451281
"786 WAYNE AVE, Pocatello, ID 83201",42.8893624,-112.4451515
"864 E POPLAR, Pocatello, ID 83201",42.8860626,-112.4420629
"854 WASHINGTON AVE, Pocatello, ID 83201",42.8905175,-112.4462798
"141 RANDOLPH, Pocatello, ID 83201",42.8776863,-112.4429845
"375 PARK AVE, Pocatello, ID 83201",42.8818617,-112.4441852
"315 WASHINGTON AVE, Pocatello, ID 83201",42.8809123,-112.4466499
"300 E POPLAR ST, Pocatello, ID 83201",42.88607,-112.448789
"830 E MAPLE ST, Pocatello, ID 83201",42.8806362,-112.4424177
"475 WAYNE AVE, Pocatello, ID 83201",42.8836728,-112.4453894
"535 WILLARD AVE, Pocatello, ID 83201",42.8848526,-112.4478505
"715 WASHINGTON, Pocatello, ID 83201",42.8879605,-112.446584
"233 WARREN AVE, Pocatello, ID 83201",42.8793679,-112.4491257
"395 WILLARD AVE, Pocatello, ID 83201",42.8821765,-112.4478807
"807 RANDOLPH, Pocatello, ID 83201",42.8897085,-112.4429073
"540 E PINE ST, Pocatello, ID 83201",42.884101,-112.4456318
"653 WASHINGTON AVE, Pocatello, ID 83201",42.88693,-112.4465949
"775 WAYNE, Pocatello, ID 83201",42.8891592,-112.4453777
"320 E WALNUT ST, Pocatello, ID 83201",42.8824542,-112.4487579
"622 WASHINGTON AVE, Pocatello, ID 83201",42.8864588,-112.4463777
"363 E MAPLE ST, Pocatello, ID 83201",42.8804747,-112.448133
"521 WARREN AVE, Pocatello, ID 83201",42.8846275,-112.449078
"146 RANDOLPH AVE, Pocatello, ID 83201",42.8777828,-112.4427615
"578 WASHINGTON, Pocatello, ID 83201",42.8855496,-112.4463858
"547 WILLARD AVE, Pocatello, ID 83201",42.8850441,-112.4478499
"826 WASHINGTON AVE, Pocatello, ID 83201",42.8899131,-112.4462817
"480 WILLARD AVE, Pocatello, ID 83201",42.8837721,-112.4476306
"644 WASHINGTON AVE, Pocatello, ID 83201",42.8868036,-112.4463735
"315 E CEDAR ST, Pocatello, ID 83201",42.8876926,-112.4487046
"721 E MAPLE ST, Pocatello, ID 83201",42.8804808,-112.4437328
"551 E WALNUT ST, Pocatello, ID 83201",42.8822737,-112.4458907
"535 WARREN AVE, Pocatello, ID 83201",42.8848491,-112.4490752
"402 PARK AVE, Pocatello, ID 83201",42.8825194,-112.4439547
"217 WAYNE AVE, Pocatello, ID 83201",42.879124,-112.4454274
"135 WARREN AVE, Pocatello, ID 83201",42.8775686,-112.4491318
"611 WAYNE AVE, Pocatello, ID 83201",42.886576,-112.445356
"157 JEFFERSON AVE, Pocatello, ID 83201",42.8779444,-112.4417625
"595 WARREN AVE, Pocatello, ID 83201",42.8857987,-112.449065
"110 WAYNE AVE, Pocatello, ID 83201",42.8772182,-112.445207
"849 WILLARD AVE, Pocatello, ID 83201",42.8905505,-112.4478096
"620 WASHINGTON AVE, Pocatello, ID 83201",42.8864275,-112.4463781
"488 PERSHING AVE, Pocatello, ID 83201",42.8839006,-112.4500985
"390 PARK AVE, Pocatello, ID 83201",42.8821144,-112.4439584
"654 WILLARD AVE, Pocatello, ID 83201",42.8869637,-112.4476105
"120 RANDOLPH AVE, Pocatello, ID 83201",42.8773692,-112.4427573
"243 PARK AVE, Pocatello, ID 83201",42.8795374,-112.444191
"322 RANDOLPH AVE, Pocatello, ID 83201",42.8810293,-112.4427373
"217 E CEDAR ST, Pocatello, ID 83201",42.8876867,-112.4495817
"400 E MAPLE ST, Pocatello, ID 83201",42.88065,-112.446965
"192 WARREN AVE, Pocatello, ID 83201",42.8785166,-112.4488685
"741 WILLARD AVE, Pocatello, ID 83201",42.8889856,-112.4478209
"800 PARK AVE, Pocatello, ID 83201",42.889598,-112.4438985
"386 PERSHING AVE, Pocatello, ID 83201",42.882058,-112.4501156
"661 WASHINGTON AVE, Pocatello, ID 83201",42.8870554,-112.4465934
"375 WILLARD AVE, Pocatello, ID 83201",42.881859,-112.4478822
"600 PARK AVE, Pocatello, ID 83201",42.886545,-112.443932
"654 WAYNE, Pocatello, ID 83201",42.8869935,-112.4451283
"790 WASHINGTON, Pocatello, ID 83201",42.889526,-112.4462535
"757 RANDOLPH AVE, Pocatello, ID 83201",42.8888531,-112.4429149
"690 WARREN AVE, Pocatello, ID 83201",42.8875242,-112.4488449
"338 RANDOLPH AVE, Pocatello, ID 83201",42.8812833,-112.4427353
"665 WAYNE AVE, Pocatello, ID 83201",42.8872293,-112.4453552
"137 WASHINGTON, Pocatello, ID 83201",42.8776351,-112.4466753
"359 WARREN AVE, Pocatello, ID 83201",42.8816098,-112.4490931
"854 WASHINGTON, Pocatello, ID 83201",42.8905175,-112.4462798
"555 WARREN AVE, Pocatello, ID 83201",42.8851656,-112.4490712
"536 WASHINGTON AVE, Pocatello, ID 83201",42.8848811,-112.446395
"388 WILLARD AVE, Pocatello, ID 83201",42.8820786,-112.447657
"366 WAYNE AVE, Pocatello, ID 83201",42.8817308,-112.4451665
"185 RANDOLPH, Pocatello, ID 83201",42.8783863,-112.4429917
"595 WASHINGTON AVE, Pocatello, ID 83201",42.8858034,-112.4466062
"509 WAYNE AVE, Pocatello, ID 83201",42.8844345,-112.4453938
"100 WARREN AVE, Pocatello, ID 83201",42.87702,-112.448893
"540 WILLARD AVE, Pocatello, ID 83201",42.8849466,-112.4476253
"480 RANDOLPH, Pocatello, ID 83201",42.8837549,-112.4427181
"384 PARK AVE, Pocatello, ID 83201",42.8820194,-112.4439594
"510 WASHINGTON AVE, Pocatello, ID 83201",42.8844672,-112.4464008
"588 WILLARD AVE, Pocatello, ID 83201",42.8857116,-112.447622
"700 Pine St, Pocatello, ID 83201",42.884237,-112.443884
"251 Washington Ave, Pocatello, ID 83201",42.8796765,-112.4466579
"762 Willard Ave, Pocatello, ID 83201",42.8893034,-112.4475957
"352 Wayne Ave, Pocatello, ID 83201",42.8815102,-112.4451708
"435 Randolph Ave, Pocatello, ID 83201",42.8830249,-112.4429466
"509 Willard Ave, Pocatello, ID 83201",42.8844377,-112.4478516
"819 Wayne Ave, Pocatello, ID 83201",42.8899127,-112.4453745
"696 Washington Ave, Pocatello, ID 83201",42.8876187,-112.4463634
"105 Jefferson Ave, Pocatello, ID 83201",42.8771092,-112.4417667
"400 Randolph Ave, Pocatello, ID 83201",42.882483,-112.442726
"618 E Pine St, Pocatello, ID 83201",42.8842666,-112.4449482
"300 Willard Ave, Pocatello, ID 83201",42.880685,-112.447654
"490 Park Ave, Pocatello, ID 83201",42.8839032,-112.4439403
"409 Washington Ave, Pocatello, ID 83201",42.8826101,-112.4466345
"715 Washington Ave, Pocatello, ID 83201",42.8879605,-112.446584
"591 Warren Ave, Pocatello, ID 83201",42.8857354,-112.449064
"260 Warren Ave, Pocatello, ID 83201",42.8798215,-112.4488894
"281 Warren Ave, Pocatello, ID 83201",42.8801425,-112.4491077
"622 Willard Ave, Pocatello, ID 83201",42.8864631,-112.4476138
"267 Willard Ave, Pocatello, ID 83201",42.8799273,-112.447878
"678 Willard Ave, Pocatello, ID 83201",42.8873391,-112.447608
"503 Wayne Ave, Pocatello, ID 83201",42.8843389,-112.4453939
"848 Wayne Ave, Pocatello, ID 83201",42.8904229,-112.4451362
"175 WAYNE AVE, Pocatello, ID 83201",42.878237,-112.445431
"122 Park Ave, Pocatello, ID 83201",42.8774051,-112.4439728
"285 Park Ave, Pocatello, ID 83201",42.8802159,-112.4441888
"292 Randolph Ave, Pocatello, ID 83201",42.8803364,-112.4427446
"888 E Pine St, Pocatello, ID 83201",42.8842511,-112.4418776
"525 Willard Ave, Pocatello, ID 83201",42.884693,-112.4478509
"483 Park Ave, Pocatello, ID 83201",42.8837784,-112.4441656
"249 Jefferson Ave, Pocatello, ID 83201",42.8796291,-112.4417474
"485 Willard Ave, Pocatello, ID 83201",42.8838377,-112.4478539
"201 Wayne Ave, Pocatello, ID 83201",42.878866,-112.44543
"220 Randolph Ave, Pocatello, ID 83201",42.879177,-112.4427637
"157 Jefferson Ave, Pocatello, ID 83201",42.8779444,-112.4417625
"324 Warren Ave, Pocatello, ID 83201",42.8810626,-112.4488648
"360 Randolph Ave, Pocatello, ID 83201",42.8816327,-112.4427327
"493 Park Ave, Pocatello, ID 83201",42.8839357,-112.444164
"160 Park Ave, Pocatello, ID 83201",42.878008,-112.4439776
"694 Washington Ave, Pocatello, ID 83201",42.8875873,-112.4463638
"440 Washington Ave, Pocatello, ID 83201",42.8831253,-112.4464096
"197 Randolph Ave, Pocatello, ID 83201",42.8785772,-112.4429937
"412 Warren Ave, Pocatello, ID 83201",42.8826896,-112.4488707
"682 Randolph Ave, Pocatello, ID 83201",42.8873948,-112.4426853
"100 Randolph Ave, Pocatello, ID 83201",42.877051,-112.442754
"354 Wayne Ave, Pocatello, ID 83201",42.8815417,-112.4451702
"181 Jefferson Ave, Pocatello, ID 83201",42.8783299,-112.4417599
"195 Park Ave, Pocatello, ID 83201",42.8785485,-112.4442008
"785 Wayne Ave, Pocatello, ID 83201",42.8893305,-112.445377
"300 E Pine St, Pocatello, ID 83201",42.884269,-112.448804
"762 E Cedar St, Pocatello, ID 83201",42.8878573,-112.4432926
"600 Warren Ave, Pocatello, ID 83201",42.886109,-112.448844
"510 Washington Ave, Pocatello, ID 83201",42.8844672,-112.4464008
"284 RANDOLPH AVE, Pocatello, ID 83201",42.8802076,-112.4427467
"820 E Pine St, Pocatello, ID 83201",42.8842515,-112.4424799
"112 Randolph Ave, Pocatello, ID 83201",42.8772419,-112.442756
"340 Wayne Ave, Pocatello, ID 83201",42.8813212,-112.4451746
"861 Jefferson Ave, Pocatello, ID 83201",42.891568,-112.441683
"710 Randolph Ave, Pocatello, ID 83201",42.8880675,-112.4426853
"420 E Oak St, Pocatello, ID 83201",42.877024,-112.447266
"270 E Poplar St, Pocatello, ID 83201",42.8860559,-112.4493861
"506 Warren Ave, Pocatello, ID 83201",42.8844051,-112.4488568
"290 E Oak St, Pocatello, ID 83201",42.8769697,-112.4492104
"730 E Cedar St, Pocatello, ID 83201",42.8878593,-112.4435865
"560 E Oak St, Pocatello, ID 83201",42.8770162,-112.4455306
"647 Randolph Ave, Pocatello, ID 83201",42.886826,-112.4429122
"562 E Pine St, Pocatello, ID 83201",42.884101,-112.445564
"682 Washington Ave, Pocatello, ID 83201",42.8873992,-112.4463661
"353 E Elm St, Pocatello, ID 83201",42.8788222,-112.4486861
"330 Park Ave, Pocatello, ID 83201",42.8811648,-112.4439688
"453 E Elm St, Pocatello, ID 83201",42.8786719,-112.4468453
"260 Wayne Ave, Pocatello, ID 83201",42.8798323,-112.4451962
"204 Park Ave, Pocatello, ID 83201",42.8789227,-112.4439733
"832 Willard Ave, Pocatello, ID 83201",42.8903177,-112.4475881
"180 Randolph Ave, Pocatello, ID 83201",42.8783237,-112.4427671
"471 Park Ave, Pocatello, ID 83201",42.8835897,-112.4441676
"520 Willard Ave, Pocatello, ID 83201",42.8846278,-112.4476266
"510 Willard Ave, Pocatello, ID 83201",42.8844684,-112.4476273
"229 Wayne Ave, Pocatello, ID 83201",42.8793174,-112.4454254
"620 Washington Ave, Pocatello, ID 83201",42.8864275,-112.4463781
"271 Wayne Ave, Pocatello, ID 83201",42.8799946,-112.4454186
"393 Randolph Ave, Pocatello, ID 83201",42.8821417,-112.4429527
"421 Warren Ave, Pocatello, ID 83201",42.8828184,-112.4490938
"383 Willard Ave, Pocatello, ID 83201",42.881986,-112.4478826
"269 Washington Ave, Pocatello, ID 83201",42.8799647,-112.4466564
"706 E Poplar St, Pocatello, ID 83201",42.886078,-112.4438186
"540 Willard Ave, Pocatello, ID 83201",42.8849466,-112.4476253
"565 Jefferson Ave, Pocatello, ID 83201",42.885303,-112.4417129
"310 E Oak St, Pocatello, ID 83201",42.8771972,-112.4487662
"723 Randolph Ave, Pocatello, ID 83201",42.8882714,-112.4429108
"300 Washington Ave, Pocatello, ID 83201",42.880691,-112.446428
"624 Park Ave, Pocatello, ID 83201",42.8868154,-112.4439286
"518 E Poplar St, Pocatello, ID 83201",42.8860715,-112.4461981
"234 Washington Ave, Pocatello, ID 83201",42.8794193,-112.4464352
"400 E Maple St, Pocatello, ID 83201",42.88065,-112.446965
"384 Randolph Ave, Pocatello, ID 83201",42.8820137,-112.4427297
"854 Washington Ave, Pocatello, ID 83201",42.8905175,-112.4462798
"409 Willard Ave, Pocatello, ID 83201",42.8826147,-112.447873
"739 Washington Ave, Pocatello, ID 83201",42.8884296,-112.4472765
"320 Warren Ave, Pocatello, ID 83201",42.8809984,-112.4488644
"735 Park Ave, Pocatello, ID 83201",42.8884757,-112.4441334
"450 Wayne Ave, Pocatello, ID 83201",42.8832871,-112.4451642
"506 E Poplar St, Pocatello, ID 83201",42.8860718,-112.4462834
"237 Willard Ave, Pocatello, ID 83201",42.8794494,-112.4478821
"319 Wayne Ave, Pocatello, ID 83201",42.8809772,-112.4454059
"375 Jefferson Ave, Pocatello, ID 83201",42.8818516,-112.441729
"415 RANDOLPH AVE, Pocatello, ID 83201",42.8827067,-112.4429486
"295 PARK AVE, Pocatello, ID 83201",42.8803774,-112.4441911
"453 JEFFERSON AVE, Pocatello, ID 83201",42.8833109,-112.4417264
"220 WILLARD AVE, Pocatello, ID 83201",42.879194,-112.4476603
"204 WARREN AVE, Pocatello, ID 83201",42.8789249,-112.4488969
"696 WASHINGTON AVE, Pocatello, ID 83201",42.8876187,-112.4463634
"202 WAYNE AVE, Pocatello, ID 83201",42.8788972,-112.4452057
"700 WILLARD AVE, Pocatello, ID 83201",42.888405,-112.447599
"498 WASHINGTON AVE, Pocatello, ID 83201",42.884061,-112.446406
"421 WAYNE AVE, Pocatello, ID 83201",42.8828038,-112.4453887
"276 PARK AVE, Pocatello, ID 83201",42.8800872,-112.443963
"692 WASHINGTON AVE, Pocatello, ID 83201",42.887556,-112.4463642
"615 JEFFERSON AVE, Pocatello, ID 83201",42.886309,-112.4417045
"512 WASHINGTON AVE, Pocatello, ID 83201",42.884499,-112.4464003
"761 WILLARD AVE, Pocatello, ID 83201",42.8892754,-112.4478198
"367 WAYNE AVE, Pocatello, ID 83201",42.8817324,-112.4453923
"630 WILLARD AVE, Pocatello, ID 83201",42.8865883,-112.4476129
"694 WASHINGTON AVE, Pocatello, ID 83201",42.8875873,-112.4463638
"805 JEFFERSON AVE, Pocatello, ID 83201",42.8895822,-112.4416848
"743 WAYNE AVE, Pocatello, ID 83201",42.8886112,-112.44538
"488 WASHINGTON AVE, Pocatello, ID 83201",42.8838997,-112.4464066
"431 E MAPLE ST, Pocatello, ID 83201",42.8804809,-112.4475058
"382 WAYNE AVE, Pocatello, ID 83201",42.8819829,-112.445165
"423 PARK AVE, Pocatello, ID 83201",42.8828349,-112.4441754
"405 WILLARD AVE, Pocatello, ID 83201",42.8825504,-112.447874
"445 WILLARD AVE, Pocatello, ID 83201",42.883194,-112.4478638
"206 WAYNE AVE, Pocatello, ID 83201",42.8789617,-112.445205
"265 WARREN AVE, Pocatello, ID 83201",42.8798843,-112.4491137
"305 E MAPLE ST, Pocatello, ID 83201",42.8804682,-112.4487982
"271 WAYNE AVE, Pocatello, ID 83201",42.8799946,-112.4454186
"800 RANDOLPH AVE, Pocatello, ID 83201",42.8896105,-112.4426827
"431 S 9TH AVE, Pocatello, ID 83201",42.8665233,-112.4366036
"292 E MAPLE ST, Pocatello, ID 83201",42.8806415,-112.4491705
"241 PARK AVE, Pocatello, ID 83201",42.8795051,-112.4441913
"791 PARK AVE, Pocatello, ID 83201",42.8894288,-112.4441241
"176 WILLARD AVE, Pocatello, ID 83201",42.8782787,-112.4476705
"264 WARREN AVE, Pocatello, ID 83201",42.8798855,-112.4488881
"437 RANDOLPH AVE, Pocatello, ID 83201",42.8830567,-112.4429464
"353 E MAPLE ST, Pocatello, ID 83201",42.8804741,-112.4481888
"664 RANDOLPH AVE, Pocatello, ID 83201",42.8871099,-112.4426868
"343 E MAPLE ST, Pocatello, ID 83201",42.8804706,-112.4485718
"645 JEFFERSON AVE, Pocatello, ID 83201",42.8867847,-112.4417042
"644 WARREN AVE, Pocatello, ID 83201",42.8868009,-112.4488444
"525 WILLARD AVE, Pocatello, ID 83201",42.884693,-112.4478509
"800 WASHINGTON AVE, Pocatello, ID 83201",42.8897959,-112.446346
"535 JEFFERSON AVE, Pocatello, ID 83201",42.88483,-112.4417214
"209 WASHINGTON AVE, Pocatello, ID 83201",42.8790041,-112.4466613
"648 E CEDAR ST, Pocatello, ID 83201",42.8878484,-112.4446597
"511 WAYNE AVE, Pocatello, ID 83201",42.8844663,-112.4453937
"754 WASHINGTON AVE, Pocatello, ID 83201",42.8888412,-112.4462488
"765 JEFFERSON AVE, Pocatello, ID 83201",42.8887246,-112.4416841
"157 WASHINGTON AVE, Pocatello, ID 83201",42.8779557,-112.4466705
"229 JEFFERSON AVE, Pocatello, ID 83201",42.8793111,-112.4417464
"513 WILLARD AVE, Pocatello, ID 83201",42.8845015,-112.4478515
"509 E OAK ST, Pocatello, ID 83201",42.8770152,-112.4456091
"485 WILLARD AVE, Pocatello, ID 83201",42.8838377,-112.4478539
"254 WILLARD AVE, Pocatello, ID 83201",42.8797362,-112.4476556
"353 E ELM ST, Pocatello, ID 83201",42.8788222,-112.4486861
"812 PARK AVE, Pocatello, ID 83201",42.8898022,-112.4438965
"798 WAYNE AVE, Pocatello, ID 83201",42.8895677,-112.4451504
"814 PARK AVE, Pocatello, ID 83201",42.8898363,-112.4438961
"750 WAYNE AVE, Pocatello, ID 83201",42.8887464,-112.4451546
"700 RANDOLPH AVE, Pocatello, ID 83201",42.887896,-112.442684
"672 RANDOLPH AVE, Pocatello, ID 83201",42.8872365,-112.4426861
"789 RANDOLPH AVE, Pocatello, ID 83201",42.8894006,-112.44291
"175 WILLARD AVE, Pocatello, ID 83201",42.8782479,-112.4478939
"654 WAYNE AVE, Pocatello, ID 83201",42.8869935,-112.4451283
"842 PARK AVE, Pocatello, ID 83201",42.8903128,-112.4438932
"853 WAYNE AVE, Pocatello, ID 83201",42.8904947,-112.4453594
"539 WILLARD AVE, Pocatello, ID 83201",42.8849165,-112.4478503
"764 WASHINGTON AVE, Pocatello, ID 83201",42.8890327,-112.4462991
"725 PARK AVE, Pocatello, ID 83201",42.8883055,-112.444135
"825 WASHINGTON AVE, Pocatello, ID 83201",42.8900567,-112.4467786
"452 RANDOLPH AVE, Pocatello, ID 83201",42.8833097,-112.4427208
"459 WAYNE AVE, Pocatello, ID 83201",42.8834153,-112.4453881
"426 PARK AVE, Pocatello, ID 83201",42.8828968,-112.4439508
"736 E POPLAR ST, Pocatello, ID 83201",42.8860745,-112.4435415
"640 E CEDAR ST, Pocatello, ID 83201",42.8878481,-112.4447336
"195 PARK AVE, Pocatello, ID 83201",42.8785485,-112.4442008
"470 E POPLAR ST, Pocatello, ID 83201",42.8860746,-112.4468259
"421 E OAK ST, Pocatello, ID 83201",42.8770239,-112.4472603
"561 WILLARD AVE, Pocatello, ID 83201",42.8852676,-112.4478493
"691 JEFFERSON AVE, Pocatello, ID 83201",42.8875141,-112.4417074
"837 WILLARD AVE, Pocatello, ID 83201",42.8903766,-112.4478115
"154 PARK AVE, Pocatello, ID 83201",42.8779128,-112.4439768
"557 WAYNE AVE, Pocatello, ID 83201",42.8851992,-112.4453924
"415 E OAK ST, Pocatello, ID 83201",42.8768647,-112.4476627
"400 WILLARD AVE, Pocatello, ID 83201",42.882484,-112.447651
"649 WILLARD AVE, Pocatello, ID 83201",42.8868709,-112.4478351
"482 PARK AVE, Pocatello, ID 83201",42.8837774,-112.4439416
"631 Willard Ave, Pocatello, ID 83201",42.8865893,-112.4478369
"320 WASHINGTON AVE, Pocatello, ID 83201",42.8810057,-112.4464249
"225 WASHINGTON AVE, Pocatello, ID 83201",42.8792602,-112.44666
"169 WARREN AVE, Pocatello, ID 83201",42.8781191,-112.4491193
"191 JEFFERSON AVE, Pocatello, ID 83201",42.8784905,-112.4417577
"101 WASHINGTON AVE, Pocatello, ID 83201",42.877058,-112.446684
"776 WAYNE AVE, Pocatello, ID 83201",42.8891913,-112.4451523
"619 PARK AVE, Pocatello, ID 83201",42.8867488,-112.4441524
"536 Washington Ave, Pocatello, ID 83201",42.8848811,-112.446395
"263 Wayne Ave, Pocatello, ID 83201",42.8798656,-112.4454199
"360 Warren Ave, Pocatello, ID 83201",42.8816413,-112.4488683
"300 WASHINGTON AVE, Pocatello, ID 83201",42.880691,-112.446428
"394 PARK AVE, Pocatello, ID 83201",42.8821777,-112.4439577
"355 Park Ave, Pocatello, ID 83201",42.8815447,-112.4441887
"648 E Poplar St, Pocatello, ID 83201",42.8860744,-112.4446605
"350 E Cedar St, Pocatello, ID 83201",42.887859,-112.4480231
"456 Wayne Ave, Pocatello, ID 83201",42.8833837,-112.4451641
"556 Warren Ave, Pocatello, ID 83201",42.885198,-112.4488468
"654 Wayne Ave, Pocatello, ID 83201",42.8869935,-112.4451283
"430 Willard Ave, Pocatello, ID 83201",42.8829671,-112.4476434
"303 Washington Ave, Pocatello, ID 83201",42.8807235,-112.4466517
"145 Washington Ave, Pocatello, ID 83201",42.8777633,-112.4466734
"710 E Maple St, Pocatello, ID 83201",42.8806464,-112.4438219
"588 Willard Ave, Pocatello, ID 83201",42.8857116,-112.447622
"555 Jefferson Ave, Pocatello, ID 83201",42.8851453,-112.4417157
"205 Park Ave, Pocatello, ID 83201",42.8789236,-112.4441973
"672 Randolph Ave, Pocatello, ID 83201",42.8872365,-112.4426861
"594 Willard Ave, Pocatello, ID 83201",42.8858072,-112.4476208
"457 Willard Ave, Pocatello, ID 83201",42.8833871,-112.4478608
"661 Park Ave, Pocatello, ID 83201",42.8872219,-112.4441464
"728 Park Ave, Pocatello, ID 83201",42.8883726,-112.4439104
"285 Jefferson Ave, Pocatello, ID 83201",42.8802014,-112.4417543
"166 Washington Ave, Pocatello, ID 83201",42.8781147,-112.4464441
"394 Park Ave, Pocatello, ID 83201",42.8821777,-112.4439577
"669 RANDOLPH AVE, Pocatello, ID 83201",42.8871742,-112.4429104
"825 Washington Ave, Pocatello, ID 83201",42.8900567,-112.4467786
"239 Warren Ave, Pocatello, ID 83201",42.8794647,-112.4491235
"259 Wayne Ave, Pocatello, ID 83201",42.8798011,-112.4454205
"686 Washington Ave, Pocatello, ID 83201",42.8874619,-112.4463653
"359 Park Ave, Pocatello, ID 83201",42.8816081,-112.444188
"819 Washington Ave, Pocatello, ID 83201",42.8899025,-112.4468236
"246 Willard Ave, Pocatello, ID 83201",42.8796086,-112.4476567
"670 Park Ave, Pocatello, ID 83201",42.8873336,-112.443922
"365 Willard Ave, Pocatello, ID 83201",42.8817002,-112.4478816
"635 Jefferson Ave, Pocatello, ID 83201",42.8866261,-112.4417035
"757 JEFFERSON AVE, Pocatello, ID 83201",42.8886202,-112.4416858
"621 Park Ave, Pocatello, ID 83201",42.8867713,-112.4441521
"152 Randolph Ave, Pocatello, ID 83201",42.8778782,-112.4427625
"534 Warren Ave, Pocatello, ID 83201",42.8848491,-112.4488512
"466 E Pine St, Pocatello, ID 83201",42.884267,-112.44687
"533 Wayne Ave, Pocatello, ID 83201",42.8848168,-112.4453931
"146 Willard Ave, Pocatello, ID 83201",42.8778024,-112.4476766
"840 Randolph Ave, Pocatello, ID 83201",42.8902963,-112.4426753
"597 Wayne Ave, Pocatello, ID 83201",42.8858362,-112.4453763
"653 Jefferson Ave, Pocatello, ID 83201",42.8869116,-112.4417047
"830 E Maple St, Pocatello, ID 83201",42.8806362,-112.4424177
"204 Warren Ave, Pocatello, ID 83201",42.8789249,-112.4488969
"700 E POPLAR ST, Pocatello, ID 83201",42.886078,-112.443874
"566 Randolph Ave, Pocatello, ID 83201",42.8853403,-112.4426913
"176 Willard Ave, Pocatello, ID 83201",42.8782787,-112.4476705
"254 Willard Ave, Pocatello, ID 83201",42.8797362,-112.4476556
"829 Wayne Ave, Pocatello, ID 83201",42.8900839,-112.4453726
"497 Jefferson Ave, Pocatello, ID 83201",42.8840131,-112.4417318
"319 Park Ave, Pocatello, ID 83201",42.8809742,-112.4441949
"353 E Cedar St, Pocatello, ID 83201",42.887694,-112.4481552
"591 Wayne Ave, Pocatello, ID 83201",42.8857406,-112.4453801
"258 Park Ave, Pocatello, ID 83201",42.8797961,-112.4439643
"390 Park Ave, Pocatello, ID 83201",42.8821144,-112.4439584
"134 Warren Ave, Pocatello, ID 83201",42.8775737,-112.4489042
"640 E POPLAR ST, Pocatello, ID 83201",42.886074,-112.4447324
"806 WILLARD AVE, Pocatello, ID 83201",42.889941,-112.4475921
"765 E Cedar St, Pocatello, ID 83201",42.8876923,-112.4432742
"220 Willard Ave, Pocatello, ID 83201",42.879194,-112.4476603
"305 Jefferson Ave, Pocatello, ID 83201",42.8808119,-112.4420311
"449 Park Ave, Pocatello, ID 83201",42.8832438,-112.4441712
"272 Warren Ave, Pocatello, ID 83201",42.8800136,-112.4488855
"471 Wayne Ave, Pocatello, ID 83201",42.8836084,-112.4453888
"849 Willard Ave, Pocatello, ID 83201",42.8905505,-112.4478096
"725 Jefferson Ave, Pocatello, ID 83201",42.888203,-112.4416968
"234 Park Ave, Pocatello, ID 83201",42.8794079,-112.4439683
"300 E ELM ST, Pocatello, ID 83201",42.878819,-112.448831
"192 Warren Ave, Pocatello, ID 83201",42.8785166,-112.4488685
"203 Warren Ave, Pocatello, ID 83201",42.8788842,-112.4491196
"397 Warren Ave, Pocatello, ID 83201",42.8822189,-112.4490959
"675 Washington Ave, Pocatello, ID 83201",42.8872748,-112.4465907
"815 E Cedar St, Pocatello, ID 83201",42.8877622,-112.4293189
"186 Willard Ave, Pocatello, ID 83201",42.8784375,-112.4476684
"675 Willard Ave, Pocatello, ID 83201",42.8872776,-112.4478324
"445 Jefferson Ave, Pocatello, ID 83201",42.8831832,-112.4417254
"535 Jefferson Ave, Pocatello, ID 83201",42.88483,-112.4417214
"367 Wayne Ave, Pocatello, ID 83201",42.8817324,-112.4453923
"175 Wayne Ave, Pocatello, ID 83201",42.878237,-112.445431
"490 Willard Ave, Pocatello, ID 83201",42.8839332,-112.4476295
"455 Willard Ave, Pocatello, ID 83201",42.8833549,-112.4478613
"169 Warren Ave, Pocatello, ID 83201",42.8781191,-112.4491193
"181 JEFFERSON AVE, Pocatello, ID 83201",42.8783299,-112.4417599
"828 Washington Ave, Pocatello, ID 83201",42.8900979,-112.4462891
"269 E Pine St, Pocatello, ID 83201",42.8841037,-112.4492363
"320 Wayne Ave, Pocatello, ID 83201",42.8810061,-112.4451808
"786 Wayne Ave, Pocatello, ID 83201",42.8893624,-112.4451515
"488 Washington Ave, Pocatello, ID 83201",42.8838997,-112.4464066
"732 Washington Ave, Pocatello, ID 83201",42.8887645,-112.4463599
"461 Park Ave, Pocatello, ID 83201",42.8834325,-112.4441692
"369 Wayne Ave, Pocatello, ID 83201",42.8817639,-112.4453918
"328 Willard Ave, Pocatello, ID 83201",42.8811284,-112.4476549
"670 Randolph Ave, Pocatello, ID 83201",42.8872049,-112.4426863
"418 Randolph Ave, Pocatello, ID 83201",42.8827692,-112.4427242
"615 Randolph Ave, Pocatello, ID 83201",42.8863196,-112.4429149
"136 Washington Ave, Pocatello, ID 83201",42.8776335,-112.4464513
"308 Washington Ave, Pocatello, ID 83201",42.8808169,-112.4464268
"830 Washington Ave, Pocatello, ID 83201",42.8901893,-112.4462878
"121 Park Ave, Pocatello, ID 83201",42.8773728,-112.4441965
"175 Jefferson Ave, Pocatello, ID 83201",42.8782336,-112.4417611
"421 Wayne Ave, Pocatello, ID 83201",42.8828038,-112.4453887
"844 Park Ave, Pocatello, ID 83201",42.8903469,-112.443893
"777 Washington Ave, Pocatello, ID 83201",42.8889954,-112.4468188
"837 Washington Ave, Pocatello, ID 83201",42.8902164,-112.4467944
"333 Wayne Ave, Pocatello, ID 83201",42.8811975,-112.445402
"543 Washington Ave, Pocatello, ID 83201",42.8849767,-112.4466177
"351 Randolph Ave, Pocatello, ID 83201",42.8814749,-112.4429579
"135 Warren Ave, Pocatello, ID 83201",42.8775686,-112.4491318
"229 Jefferson Ave, Pocatello, ID 83201",42.8793111,-112.4417464
"385 Jefferson Ave, Pocatello, ID 83201",42.882011,-112.4417282
"552 Warren Ave, Pocatello, ID 83201",42.8851346,-112.4488476
"320 Park Ave, Pocatello, ID 83201",42.8810065,-112.4439706
"420 E Poplar St, Pocatello, ID 83201",42.8860766,-112.4474425
"198 Randolph Ave, Pocatello, ID 83201",42.87861,-112.44277
"396 Wayne Ave, Pocatello, ID 83201",42.8822035,-112.445165
"480 Randolph Ave, Pocatello, ID 83201",42.8837549,-112.4427181
"420 Washington Ave, Pocatello, ID 83201",42.8828027,-112.4464108
"301 Park Ave, Pocatello, ID 83201",42.880689,-112.444196
"260 WAYNE AVE, Pocatello, ID 83201",42.8798323,-112.4451962
"167 WAYNE AVE, Pocatello, ID 83201",42.8781096,-112.445431
"154 Willard Ave, Pocatello, ID 83201",42.8779294,-112.447675
"191 Jefferson Ave, Pocatello, ID 83201",42.8784905,-112.4417577
"795 WASHINGTON AVE, Pocatello, ID 83201",42.8893983,-112.4465794
"583 Willard Ave, Pocatello, ID 83201",42.8856187,-112.4478483
"422 Randolph Ave, Pocatello, ID 83201",42.8828328,-112.4427238
"698 Washington Ave, Pocatello, ID 83201",42.88765,-112.446363
"513 Willard Ave, Pocatello, ID 83201",42.8845015,-112.4478515
"725 Park Ave, Pocatello, ID 83201",42.8883055,-112.444135
"251 Wayne Ave, Pocatello, ID 83201",42.8796721,-112.4454218
"123 Jefferson Ave, Pocatello, ID 83201",42.8773984,-112.4417652
"566 WARREN AVE, Pocatello, ID 83201",42.8853566,-112.4488448
"172 Warren Ave, Pocatello, ID 83201",42.8781912,-112.4488835
"344 Warren Ave, Pocatello, ID 83201",42.8813841,-112.4488667
"624 E Maple St, Pocatello, ID 83201",42.880652,-112.4449995
"749 Park Ave, Pocatello, ID 83201",42.888714,-112.4441311
"209 Randolph Ave, Pocatello, ID 83201",42.8789858,-112.4429909
"675 Jefferson Ave, Pocatello, ID 83201",42.8872604,-112.4417063
"235 Washington Ave, Pocatello, ID 83201",42.8794203,-112.4466592
"128 Park Ave, Pocatello, ID 83201",42.8775003,-112.4439736
"812 Park Ave, Pocatello, ID 83201",42.8898022,-112.4438965
"451 Warren Ave, Pocatello, ID 83201",42.8832975,-112.4490904
"864 Washington Ave, Pocatello, ID 83201",42.8908938,-112.4461235
"168 Washington Ave, Pocatello, ID 83201",42.8781468,-112.4464436
"100 Willard Ave, Pocatello, ID 83201",42.877072,-112.447686
"316 E Poplar St, Pocatello, ID 83201",42.8860703,-112.4487488
"256 Randolph Ave, Pocatello, ID 83201",42.8797567,-112.4427541
"700 Willard Ave, Pocatello, ID 83201",42.888405,-112.447599
"400 Washington Ave, Pocatello, ID 83201",42.88248,-112.446412
"600 Park Ave, Pocatello, ID 83201",42.886545,-112.443932
"100 Washington Ave, Pocatello, ID 83201",42.877056,-112.44646
"116 Park Ave, Pocatello, ID 83201",42.8773099,-112.443972
"640 E Cedar St, Pocatello, ID 83201",42.8878481,-112.4447336
"156 Randolph Ave, Pocatello, ID 83201",42.8779419,-112.4427631
"374 Willard Ave, Pocatello, ID 83201",42.8818569,-112.4476565
"258 Willard Ave, Pocatello, ID 83201",42.8798,-112.4476551
"230 Willard Ave, Pocatello, ID 83201",42.8793535,-112.4476589
"500 Washington Ave, Pocatello, ID 83201",42.884308,-112.446403
"339 Wayne Ave, Pocatello, ID 83201",42.8812919,-112.4454003
"645 E Cedar St, Pocatello, ID 83201",42.887682,-112.444696
"246 Wayne Ave, Pocatello, ID 83201",42.8796066,-112.4451985
"300 E Oak St, Pocatello, ID 83201",42.876985,-112.448841
"855 Park Ave, Pocatello, ID 83201",42.8905181,-112.4441161
"797 Willard Ave, Pocatello, ID 83201",42.8897971,-112.4478176
"404 Wayne Ave, Pocatello, ID 83201",42.8825464,-112.4451649
"630 Willard Ave, Pocatello, ID 83201",42.8865883,-112.4476129
"135 RANDOLPH AVE, Pocatello, ID 83201",42.8775909,-112.4429836
"610 WASHINGTON AVE, Pocatello, ID 83201",42.8862707,-112.4463801
"407 RANDOLPH AVE, Pocatello, ID 83201",42.8825795,-112.4429494
"137 WAYNE AVE, Pocatello, ID 83201",42.8776321,-112.445431
"324 WILLARD AVE, Pocatello, ID 83201",42.8810651,-112.4476548
"410 WASHINGTON AVE, Pocatello, ID 83201",42.8826413,-112.4464114
"301 WAYNE AVE, Pocatello, ID 83201",42.880694,-112.445411
"471 WAYNE AVE, Pocatello, ID 83201",42.8836084,-112.4453888
"851 WAYNE AVE, Pocatello, ID 83201",42.8904604,-112.4453605
"670 WARREN AVE, Pocatello, ID 83201",42.8872097,-112.4488447
"543 WASHINGTON AVE, Pocatello, ID 83201",42.8849767,-112.4466177
"590 WARREN AVE, Pocatello, ID 83201",42.8857371,-112.44884
"120 WAYNE AVE, Pocatello, ID 83201",42.8773774,-112.445207
"332 WASHINGTON AVE, Pocatello, ID 83201",42.8811945,-112.4464231
"369 WAYNE AVE, Pocatello, ID 83201",42.8817639,-112.4453918
"441 WARREN AVE, Pocatello, ID 83201",42.8831378,-112.4490915
"400 E POPLAR ST, Pocatello, ID 83201",42.886077,-112.44756
"397 RANDOLPH AVE, Pocatello, ID 83201",42.8822052,-112.4429522
"837 WASHINGTON AVE, Pocatello, ID 83201",42.8902164,-112.4467944
"829 WAYNE AVE, Pocatello, ID 83201",42.8900839,-112.4453726
"354 WAYNE AVE, Pocatello, ID 83201",42.8815417,-112.4451702
"800 E MAPLE ST, Pocatello, ID 83201",42.880638,-112.442684
"193 WAYNE AVE, Pocatello, ID 83201",42.8785235,-112.445431
"201 WAYNE AVE, Pocatello, ID 83201",42.878866,-112.44543
"316 E POPLAR ST, Pocatello, ID 83201",42.8860703,-112.4487488
"309 PARK AVE, Pocatello, ID 83201",42.8808158,-112.4441967
"845 WASHINGTON AVE, Pocatello, ID 83201",42.8903603,-112.4467747
"533 WAYNE AVE, Pocatello, ID 83201",42.8848168,-112.4453931
"252 E WALNUT ST, Pocatello, ID 83201",42.8824609,-112.4494337
"710 E CEDAR ST, Pocatello, ID 83201",42.8878586,-112.4437702
"326 E MAPLE ST, Pocatello, ID 83201",42.8806357,-112.448575
"348 WASHINGTON AVE, Pocatello, ID 83201",42.8814463,-112.4464207
"813 JEFFERSON AVE, Pocatello, ID 83201",42.8898398,-112.4416845
"530 WASHINGTON AVE, Pocatello, ID 83201",42.8847855,-112.4463964
"262 PARK AVE, Pocatello, ID 83201",42.8798608,-112.4439636
"204 PARK AVE, Pocatello, ID 83201",42.8789227,-112.4439733
"419 PARK AVE, Pocatello, ID 83201",42.882772,-112.4441761
"400 E ELM ST, Pocatello, ID 83201",42.878835,-112.447609
"166 RANDOLPH AVE, Pocatello, ID 83201",42.8781009,-112.4427648
"108 WAYNE AVE, Pocatello, ID 83201",42.8771863,-112.445207
"475 E WALNUT ST, Pocatello, ID 83201",42.882275,-112.4468417
"845 E WALNUT ST, Pocatello, ID 83201",42.8822789,-112.4422728
"829 WILLARD AVE, Pocatello, ID 83201",42.8902607,-112.4478127
"467 WILLARD AVE, Pocatello, ID 83201",42.883548,-112.4478582
"335 WILLARD AVE, Pocatello, ID 83201",42.8812239,-112.4478799
"258 PARK AVE, Pocatello, ID 83201",42.8797961,-112.4439643
"225 JEFFERSON AVE, Pocatello, ID 83201",42.8792475,-112.4417472
"735 WAYNE AVE, Pocatello, ID 83201",42.8884742,-112.4453806
"370 RANDOLPH AVE, Pocatello, ID 83201",42.8817914,-112.4427314
"275 WILLARD AVE, Pocatello, ID 83201",42.8800547,-112.447877
"669 WILLARD AVE, Pocatello, ID 83201",42.8871837,-112.4478331
"141 RANDOLPH AVE, Pocatello, ID 83201",42.8776863,-112.4429845
"742 WAYNE AVE, Pocatello, ID 83201",42.8886096,-112.4451553
"420 PARK AVE, Pocatello, ID 83201",42.8828025,-112.4439517
"315 E POPLAR ST, Pocatello, ID 83201",42.8859053,-112.4487519
"333 PARK AVE, Pocatello, ID 83201",42.8811961,-112.4441925
"830 RANDOLPH AVE, Pocatello, ID 83201",42.8901249,-112.4426772
"650 WAYNE AVE, Pocatello, ID 83201",42.8869337,-112.4451289
"600 E WALNUT ST, Pocatello, ID 83201",42.882447,-112.44453
"700 E WALNUT ST, Pocatello, ID 83201",42.882447,-112.443899
"627 JEFFERSON AVE, Pocatello, ID 83201",42.8864993,-112.4417032
"422 WAYNE AVE, Pocatello, ID 83201",42.8828363,-112.4451647
"403 JEFFERSON AVE, Pocatello, ID 83201",42.8825129,-112.4417259
"652 PARK AVE, Pocatello, ID 83201",42.8871308,-112.4439246
"281 RANDOLPH AVE, Pocatello, ID 83201",42.8801452,-112.4429718
"246 WAYNE AVE, Pocatello, ID 83201",42.8796066,-112.4451985
"698 WASHINGTON AVE, Pocatello, ID 83201",42.88765,-112.446363
"600 E MAPLE ST, Pocatello, ID 83201",42.880652,-112.445133
"366 RANDOLPH AVE, Pocatello, ID 83201",42.8817279,-112.4427319
"401 E MAPLE ST, Pocatello, ID 83201",42.88048,-112.447597
"322 E POPLAR ST, Pocatello, ID 83201",42.8860704,-112.4487338
"500 E POPLAR ST, Pocatello, ID 83201",42.886072,-112.446326
"375 WAYNE AVE, Pocatello, ID 83201",42.8818583,-112.4453908
"349 JEFFERSON AVE, Pocatello, ID 83201",42.8814375,-112.4417385
"173 PARK AVE, Pocatello, ID 83201",42.8781989,-112.4442031
"626 WAYNE AVE, Pocatello, ID 83201",42.886575,-112.445132
"559 WASHINGTON AVE, Pocatello, ID 83201",42.8852311,-112.4466142
"366 WARREN AVE, Pocatello, ID 83201",42.8817377,-112.4488689
"566 RANDOLPH AVE, Pocatello, ID 83201",42.8853403,-112.4426913
"293 E MAPLE ST, Pocatello, ID 83201",42.8804768,-112.449194
"430 WILLARD AVE, Pocatello, ID 83201",42.8829671,-112.4476434
"143 WILLARD AVE, Pocatello, ID 83201",42.8777399,-112.4479004
"603 E OAK ST, Pocatello, ID 83201",42.8766542,-112.4453212
"428 E PINE ST, Pocatello, ID 83201",42.884268,-112.4474125
"389 WARREN AVE, Pocatello, ID 83201",42.8820907,-112.4490953
"247 PARK AVE, Pocatello, ID 83201",42.879602,-112.4441903
"336 RANDOLPH AVE, Pocatello, ID 83201",42.8812516,-112.4427356
"506 E POPLAR ST, Pocatello, ID 83201",42.8860718,-112.4462834
"790 WASHINGTON AVE, Pocatello, ID 83201",42.889526,-112.4462535
"272 WAYNE AVE, Pocatello, ID 83201",42.8800258,-112.4451942
"654 E WALNUT ST, Pocatello, ID 83201",42.882447,-112.444368
"210 WILLARD AVE, Pocatello, ID 83201",42.8790345,-112.4476616
"638 WILLARD AVE, Pocatello, ID 83201",42.8867134,-112.4476121
"578 WASHINGTON AVE, Pocatello, ID 83201",42.8855496,-112.4463858
"464 WILLARD AVE, Pocatello, ID 83201",42.8835145,-112.4476347
"819 WASHINGTON AVE, Pocatello, ID 83201",42.8899025,-112.4468236
"600 WAYNE AVE, Pocatello, ID 83201",42.886111,-112.445143
"150 WAYNE AVE, Pocatello, ID 83201",42.8778549,-112.445207
"719 WASHINGTON AVE, Pocatello, ID 83201",42.8879784,-112.446584
"378 WILLARD AVE, Pocatello, ID 83201",42.8819203,-112.4476566
"380 WASHINGTON AVE, Pocatello, ID 83201",42.8819498,-112.4464158
"315 E MAPLE ST, Pocatello, ID 83201",42.8804688,-112.4487386
"780 RANDOLPH AVE, Pocatello, ID 83201",42.8892676,-112.4426864
"161 JEFFERSON AVE, Pocatello, ID 83201",42.8780087,-112.4417622
"260 WARREN AVE, Pocatello, ID 83201",42.8798215,-112.4488894
"451 WARREN AVE, Pocatello, ID 83201",42.8832975,-112.4490904
"130 WASHINGTON AVE, Pocatello, ID 83201",42.8775372,-112.4464528
"598 WILLARD AVE, Pocatello, ID 83201",42.885871,-112.44762
"540 RANDOLPH AVE, Pocatello, ID 83201",42.8849254,-112.4426983
"277 JEFFERSON AVE, Pocatello, ID 83201",42.8800742,-112.4417528
"168 PARK AVE, Pocatello, ID 83201",42.878135,-112.4439786
"210 RANDOLPH AVE, Pocatello, ID 83201",42.879016,-112.4427663
"366 WASHINGTON AVE, Pocatello, ID 83201",42.8817295,-112.4464179
"592 WILLARD AVE, Pocatello, ID 83201",42.8857754,-112.4476212
"485 E WALNUT ST, Pocatello, ID 83201",42.882275,-112.4467793
"815 E CEDAR ST, Pocatello, ID 83201",42.8877622,-112.4293189
"762 PARK AVE, Pocatello, ID 83201",42.8889512,-112.4439047
"559 JEFFERSON AVE, Pocatello, ID 83201",42.8852084,-112.4417146
"634 E ELM ST, Pocatello, ID 83201",42.8788187,-112.4444532
"636 E ELM ST, Pocatello, ID 83201",42.8788186,-112.444447
"254 WARREN AVE, Pocatello, ID 83201",42.8797254,-112.4488914
"334 E MAPLE ST, Pocatello, ID 83201",42.8806391,-112.4481949
"505 E CEDAR ST, Pocatello, ID 83201",42.8876908,-112.4462707
"141 JEFFERSON AVE, Pocatello, ID 83201",42.8776875,-112.4417638
"700 PARK AVE, Pocatello, ID 83201",42.887896,-112.443915
"371 WASHINGTON AVE, Pocatello, ID 83201",42.8817934,-112.4466413
"420 WASHINGTON AVE, Pocatello, ID 83201",42.8828027,-112.4464108
"660 E CEDAR ST, Pocatello, ID 83201",42.8878495,-112.4445489
"ALAMEDA RD, Pocatello, ID 83201",42.8899144,-112.435132
"674 RANDOLPH AVE, Pocatello, ID 83201",42.8872682,-112.442686
"221 WARREN AVE, Pocatello, ID 83201",42.8791742,-112.4491302
"432 WAYNE AVE, Pocatello, ID 83201",42.8829973,-112.4451645
"543 WAYNE AVE, Pocatello, ID 83201",42.8849761,-112.4453928
"401 RANDOLPH AVE, Pocatello, ID 83201",42.882484,-112.44295
"848 WAYNE AVE, Pocatello, ID 83201",42.8904229,-112.4451362
"239 WARREN AVE, Pocatello, ID 83201",42.8794647,-112.4491235
"315 E ALAMEDA, Pocatello, ID 83201",42.891319,-112.4486704
"855 E ALAMEDA, Pocatello, ID 83201",42.8909057,-112.4421867
"820 WAYNE AVE, Pocatello, ID 83201",42.8899441,-112.4451485
"529 WARREN AVE, Pocatello, ID 83201",42.8847541,-112.4490764
"293 WAYNE AVE, Pocatello, ID 83201",42.8803493,-112.445415
"1440 E ALAMEDA, Pocatello, ID 83201",42.8903213,-112.4345795
"157 PARK AVE, Pocatello, ID 83201",42.8779447,-112.4442011
"446 RANDOLPH AVE, Pocatello, ID 83201",42.8832143,-112.4427214
"480 RANDOLPH AVE, Pocatello, ID 83201",42.8837549,-112.4427181
"500 E CEDAR ST, Pocatello, ID 83201",42.887855,-112.446304
"134 WAYNE AVE, Pocatello, ID 83201",42.8776002,-112.445207
"620 E CEDAR ST, Pocatello, ID 83201",42.8878485,-112.4449183
"406 E OAK ST, Pocatello, ID 83201",42.8770293,-112.4476357
"425 E ALAMEDA, Pocatello, ID 83201",42.8913124,-112.4481862
"121 PARK AVE, Pocatello, ID 83201",42.8773728,-112.4441965
"396 PARK AVE, Pocatello, ID 83201",42.8822093,-112.4439573
"817 WILLARD AVE, Pocatello, ID 83201",42.8900869,-112.4478145
"153 JEFFERSON AVE, Pocatello, ID 83201",42.8778802,-112.4417628
"211 WILLARD AVE, Pocatello, ID 83201",42.8790353,-112.4478856
"688 RANDOLPH AVE, Pocatello, ID 83201",42.8874897,-112.4426848
"786 PARK AVE, Pocatello, ID 83201",42.8893597,-112.4439008
"624 E MAPLE ST, Pocatello, ID 83201",42.880652,-112.4449995
"712 E POPLAR ST, Pocatello, ID 83201",42.886078,-112.4437632
"209 WILLARD AVE, Pocatello, ID 83201",42.8790034,-112.4478859
"188 WILLARD AVE, Pocatello, ID 83201",42.8784692,-112.447668
"343 JEFFERSON AVE, Pocatello, ID 83201",42.881342,-112.4417407
"202 RANDOLPH AVE, Pocatello, ID 83201",42.8788872,-112.4427685
"343 WAYNE AVE, Pocatello, ID 83201",42.8813548,-112.4453991
"749 JEFFERSON AVE, Pocatello, ID 83201",42.8885159,-112.4416885
"345 WAYNE AVE, Pocatello, ID 83201",42.8813863,-112.4453986
"W ALAMEDA, Pocatello, ID 83201",42.8913528,-112.4521501
"611 WASHINGTON AVE, Pocatello, ID 83201",42.8862717,-112.4466031
"216 WAYNE AVE, Pocatello, ID 83201",42.879123,-112.4452034
"259 JEFFERSON AVE, Pocatello, ID 83201",42.8797881,-112.4417494
"556 RANDOLPH AVE, Pocatello, ID 83201",42.8851807,-112.442694
"189 WASHINGTON AVE, Pocatello, ID 83201",42.8784687,-112.4466637
"421 WARREN AVE, Pocatello, ID 83201",42.8828184,-112.4490938
"676 RANDOLPH AVE, Pocatello, ID 83201",42.8872998,-112.4426858
"364 E CEDAR ST, Pocatello, ID 83201",42.887859,-112.4479828
"417 E MAPLE ST, Pocatello, ID 83201",42.8804805,-112.4475483
"725 JEFFERSON AVE, Pocatello, ID 83201",42.888203,-112.4416968
"215 E CEDAR, Pocatello, ID 83201",42.8876866,-112.4495929
"215 E CEDAR ST #B, Pocatello, ID 83201",,
"POCATELLO AREA, Pocatello, ID 83201",,
"DUPLEX NEXT TO 635 JEFFERSON, Pocatello, ID 83201",,
"641 LINCOLN ST, Pocatello, ID 83201",,
"888 E PINE ST APT A3, Pocatello, ID 83201",,
"292 RANDOLPH AVE 1/2, Pocatello, ID 83201",,
"330 WAYNE AVE #1/2, Pocatello, ID 83201",,
"JEFFERSON AND POPLAR, Pocatello, ID 83201",,
"215 E CEDAR ST #C, Pocatello, ID 83201",,
"402 PARK AVE APT 1/2, Pocatello, ID 83201",,
"319 PARK AVE APT A, Pocatello, ID 83201",,
"888 E PINE ST APT B4, Pocatello, ID 83201",,
"888 E PINE ST APT A1, Pocatello, ID 83201",,
"249 Jefferson Ave Apt A, Pocatello, ID 83201",,
"249 Jefferson Ave Apt B, Pocatello, ID 83201",,
"249 JEFFERSON AVE APT A, Pocatello, ID 83201",,
"400 BLOCK OF JEFFERSON AVE, Pocatello, ID 83201",,
"330 WAYNE AVE APT 1/2, Pocatello, ID 83201",,
